material_id,formula,energy_above_hull,band_gap,density,volume,crystal_system,elements
mp-1018134,Li,0.0,0.0,0.5649380290750841,61.205660097660434,Trigonal,Li
mp-1063005,Li,0.015670883333333,0.0,0.5643236945722541,61.27228985134278,Hexagonal,Li
mp-10173,Li,0.005987748333333,0.0,0.573292417154018,40.20915440845307,Hexagonal,Li
mp-976411,Li,0.005889090833333,0.0,0.5659385321116011,81.46327565480371,Hexagonal,Li
mp-567337,Li,0.008819463333333001,0.0,0.570042740991187,161.75350839454015,Cubic,Li
mp-51,Li,0.001672373333333,0.0,0.5664547498885351,20.347259270998425,Cubic,Li
mp-135,Li,0.009650863333333001,0.0,0.5666126169854631,20.34159020777027,Cubic,Li
mp-1103107,Li,0.055379472500000006,0.0,0.570192381038717,242.5665872337491,Orthorhombic,Li
mp-1232999,LiO8,0.016817863333333002,0.152099999999999,1.985847494723534,112.83184242189002,Triclinic,"Li, O"
mp-1236127,LiO8,0.015707888888889,0.08889999999999901,1.902559815234679,117.77124156851406,Triclinic,"Li, O"
mp-995393,LiS4,0.0,2.1989,0.212291455515833,2115.0784624047956,Triclinic,"Li, S"
mp-569073,LiSn,0.0,0.0,5.092956930678413,122.90407935742938,Monoclinic,"Li, Sn"
mp-1094568,LiMg,0.020893197500000002,0.0,1.238128792846922,83.812288309167,Monoclinic,"Li, Mg"
mp-1094600,LiMg2,0.027992521666666003,0.0,1.4291499274841262,129.09017299687213,Monoclinic,"Li, Mg"
mp-1235252,LiO8,0.009239624444445,0.0,1.9977602742550662,112.1590185199282,Monoclinic,"Li, O"
mp-1236522,LiO8,0.070062674444444,0.2727,1.777777671752737,126.03760029095203,Monoclinic,"Li, O"
mp-2659,LiN3,0.0,3.6364,1.931723590704999,42.087708451102685,Monoclinic,"Li, N"
mp-973455,LiMg2,0.010646323333333001,0.0,1.485496552120324,124.19363149248812,Monoclinic,"Li, Mg"
mp-976262,LiMg,0.011205559166666,0.0,1.273734740890411,122.20410265024168,Monoclinic,"Li, Mg"
mp-1094673,LiMg,0.0007004200000010001,0.0,1.279761773169139,40.54286099396268,Tetragonal,"Li, Mg"
mp-22902,LiBi,0.003396496666663,0.0,7.527518229473442,47.6313585812526,Tetragonal,"Bi, Li"
mp-1222413,LiB3,0.0,0.09189999999999901,1.78034894226488,146.89719224397047,Tetragonal,"B, Li"
mp-1094567,LiMg3,0.028311948333333004,0.0,1.512301101929622,87.68360185231192,Tetragonal,"Li, Mg"
mp-1185253,LiTl3,0.046669947499999004,0.0,9.85299574839074,104.50478114347399,Tetragonal,"Li, Tl"
mp-1185266,LiNi3,0.06232831833333301,0.0,7.242594201128479,41.96201584353002,Tetragonal,"Li, Ni"
mp-1185275,LiPb3,0.020380532500002,0.0,9.339186229763522,111.75672695481289,Tetragonal,"Li, Pb"
mp-1185332,LiGa3,0.095828552750001,0.0,5.567849324715847,64.4520131121257,Tetragonal,"Ga, Li"
mp-1185337,LiHg3,0.012928956250000002,0.0,11.467979488473105,88.14005961426192,Tetragonal,"Hg, Li"
mp-1185411,LiEu3,0.096557981666666,0.0,4.96072722806257,154.92734078665288,Tetragonal,"Eu, Li"
mp-1185455,LiRh3,0.06832326749999801,0.0,9.568696944553352,54.778786855994035,Tetragonal,"Li, Rh"
mp-1185461,LiSn3,0.033758912499999,0.0,6.137243419841,98.23523986362397,Tetragonal,"Li, Sn"
mp-862658,LiCu3,0.0,0.0,7.085672707099158,46.30296399536622,Tetragonal,"Cu, Li"
mp-862716,LiAg3,0.0,0.0,8.287157330778992,66.23307126729085,Tetragonal,"Ag, Li"
mp-865939,LiMg2,0.0,0.0,1.49661688061598,61.63541710870612,Tetragonal,"Li, Mg"
mp-972285,Sr3Li,0.09470025166666701,0.0,2.343892916688241,191.14145425242418,Tetragonal,"Li, Sr"
mp-973748,LiIn3,0.014984695000002001,0.0,6.341089116674805,92.0197011225558,Tetragonal,"In, Li"
mp-975906,LiAl3,0.026654015000000003,0.0,2.285029235514105,63.866797045712175,Tetragonal,"Al, Li"
mp-975909,LiAu3,0.004237167500001001,0.0,15.100247536063932,65.74315071367589,Tetragonal,"Au, Li"
mp-976272,LiCa3,0.07740214875000001,0.0,1.405400504088731,150.26254450633243,Tetragonal,"Ca, Li"
mp-7943,LiAs,0.0,0.3285,3.784026537081356,287.3892010245731,Monoclinic,"As, Li"
mp-974920,Na,0.012510683448275,0.0,1.030260057844173,37.05414937154716,Tetragonal,Na
mp-973198,Na,0.0047273466666660005,0.0,1.030318807132385,111.15610957684375,Trigonal,Na
mp-10172,Na,0.0,0.0,1.033494165918581,73.87639201807406,Hexagonal,Na
mp-982370,Na,0.011212930000000001,0.0,1.02710536919743,148.671835314138,Hexagonal,Na
mp-1186055,Na,0.0263165645,0.0,1.000853213096242,762.8573216405483,Cubic,Na
mp-1186081,Na,0.019195485172413002,0.0,1.006686925441565,1099.7330591995158,Cubic,Na
mp-1525464,Na,0.014505351249999,0.0,1.015385754013623,300.7756208829742,Cubic,Na
mp-567772,Na,0.020555261249999002,0.0,1.006618567252059,303.3952388071747,Cubic,Na
mp-1186040,Na,0.023657278750000003,0.0,1.016935717645674,300.3171934074839,Cubic,Na
mp-974558,Na,0.008802479999999,0.0,1.016804520724181,37.54449286644378,Cubic,Na
mp-127,Na,0.015772269999999002,0.0,1.024636726390733,37.25750706727941,Cubic,Na
mp-1079952,Na,0.086311797198275,0.0,0.9592318243653051,318.38318208557206,Orthorhombic,Na
mp-1545923,Na,0.006627077500000001,0.0,1.014423193825449,301.06101916644946,Orthorhombic,Na
mp-2018774,Na,0.010884320000000001,0.0,1.012528815046613,150.81214285497376,Orthorhombic,Na
mp-31284,NaSn5,0.022532833333333002,0.0,5.695061538475,359.5354909110029,Tetragonal,"Na, Sn"
mp-570538,NaN3,0.0,3.9442,1.921670516506478,56.17582560462735,Monoclinic,"N, Na"
mp-583168,NaSn2,0.0,0.0,4.886661814469602,707.9198219665092,Monoclinic,"Na, Sn"
mp-12180,NaS2,0.0,2.0185,2.162325110475751,535.223051008419,Tetragonal,"Na, S"
mp-15514,NaSe2,0.0,1.1815,3.775833329419609,636.4851691485202,Tetragonal,"Na, Se"
mp-22924,NaBi,0.0,0.0,6.825293767530593,56.43647606901757,Tetragonal,"Bi, Na"
mp-1238787,NaO2,0.06568723500000001,0.0,2.12868814827235,85.79055387475346,Tetragonal,"Na, O"
mp-1183356,Ba3Na,0.07501271854166601,0.0,3.065818983012419,235.59315120059364,Tetragonal,"Ba, Na"
mp-1186109,NaAu3,0.091739266250002,0.0,13.728449386316031,74.2536487007512,Tetragonal,"Au, Na"
mp-1186127,NaCd3,0.0,0.0,6.765046491725234,88.41978865924001,Tetragonal,"Cd, Na"
mp-1186132,NaCa3,0.081487712499999,0.0,1.408077519308356,168.90310433474266,Tetragonal,"Ca, Na"
mp-1186151,NaLi3,0.043194687499999,0.0,0.729616427989859,99.71378413971715,Tetragonal,"Li, Na"
mp-1186158,NaIn3,0.009501042499998,0.0,6.02810591243865,101.21831675338977,Tetragonal,"In, Na"
mp-1186172,NaEu3,0.09930256586206801,0.0,4.479561741192569,177.5177868092662,Tetragonal,"Eu, Na"
mp-1186189,NaTl3,0.0,0.0,9.403052417905501,112.3395601455914,Tetragonal,"Na, Tl"
mp-454,NaGa4,0.0,0.0,5.124197298645112,97.82731658601685,Tetragonal,"Ga, Na"
mp-973174,NaAg3,0.072140847083332,0.0,7.442921382900342,77.32628907988736,Tetragonal,"Ag, Na"
mp-974862,Rb3Na,0.056405154030171004,0.0,1.502870152588959,308.7048283788206,Tetragonal,"Na, Rb"
mp-976971,NaPd3,0.00025291500000400004,0.0,9.03658126774107,62.8909424466829,Tetragonal,"Na, Pd"
mp-1106381,NaAs,0.0,0.5734,3.495268713941957,372.1273917629648,Monoclinic,"As, Na"
mp-1545216,NaO2,0.0,0.48360000000000003,2.33505871671538,156.41691059811396,Monoclinic,"Na, O"
mp-29657,NaGe,0.0,0.665199999999999,3.188143796839254,796.9375432905721,Monoclinic,"Ge, Na"
mp-7944,NaSb,0.0,0.6041000000000001,4.030017785940886,477.14458751880505,Monoclinic,"Na, Sb"
mp-11051,NaSn,0.0,0.34289999999999904,3.978693238379946,946.2322969677579,Tetragonal,"Na, Sn"
mp-1195785,NaP7,0.0,1.7429000000000001,2.091801571441959,1522.9261067283921,Tetragonal,"Na, P"
mp-30792,NaPb,0.0,0.15660000000000002,6.136807904283582,996.5809211118294,Tetragonal,"Na, Pb"
mp-2739257,K,0.000127825,0.0,0.855521016031472,607.1084484990222,Tetragonal,K
mp-1180961,K,0.07119881125000001,0.0,0.8274905480048621,156.9184197793768,Tetragonal,K
mp-604325,K,0.073541117,0.0,0.8309874794774991,156.25808135754153,Monoclinic,K
mp-1184764,K,0.00803126625,0.0,0.8434798582662051,230.91572591110918,Trigonal,K
mp-1184755,K,0.008696316249999001,0.0,0.8442967484979941,153.79487059057647,Hexagonal,K
mp-604318,K,0.008703191249999001,0.0,0.8400540512180451,309.14322474135633,Hexagonal,K
mp-1199937,K,0.049798189098765,0.0,0.8433094593985121,6235.984386265815,Cubic,K
mp-1184905,K,0.02097077575,0.0,0.868387443452124,1495.2831268391355,Cubic,K
mp-1185201,K,0.016292821077587002,0.0,0.8400567315518841,2241.2812281898473,Cubic,K
mp-1184808,K,0.013478061250000001,0.0,0.8486241661423151,612.042477015757,Cubic,K
mp-10157,K,0.006930266250000001,0.0,0.8318754308992641,78.04564502820226,Cubic,K
mp-58,K,0.015213726250000002,0.0,0.826864520888935,78.51861211537867,Cubic,K
mp-1080043,K,0.06362052450000001,0.0,0.8093310919806701,641.7571768187781,Orthorhombic,K
mp-1545455,K,0.00632175,0.0,0.846322284768652,613.7071492134389,Orthorhombic,K
mp-972981,K,0.006670691249999,0.0,0.8422291412147711,154.17242508138494,Orthorhombic,K
mp-1184804,K,0.0,0.0,0.8483626258230531,612.2311625848381,Orthorhombic,K
mp-573691,K,0.031988253249999,0.0,0.8777080958565251,591.7617020432232,Orthorhombic,K
mp-181,KGa3,0.0,0.21629999999999902,4.328097253195336,285.75435797216085,Tetragonal,"Ga, K"
mp-29055,KSb2,0.0,0.21530000000000002,4.338160462908972,216.3583998787304,Monoclinic,"K, Sb"
mp-976802,KF2,0.0,1.445599999999999,2.117093666735462,120.93884935973416,Tetragonal,"F, K"
mp-1185042,KHg3,0.030033264166661,0.0,8.9531932014525,118.86115096040626,Tetragonal,"Hg, K"
mp-1185148,KCl3,0.051830397499999,0.0,2.032776402422387,118.82149403364015,Tetragonal,"Cl, K"
mp-1866,KO2,0.0172468975,0.0,2.39878116699765,49.216457866674475,Tetragonal,"K, O"
mp-22481,KIn4,0.0,0.0,5.516580995014355,150.01381354340262,Tetragonal,"In, K"
mp-973508,KRb3,0.028298722562500003,0.0,1.35444622063687,362.28246616243365,Tetragonal,"K, Rb"
mp-974738,KSr3,0.09926039425000001,0.0,2.1515263941934952,233.0501522023292,Tetragonal,"K, Sr"
mp-1180711,KO2,0.038029273333334,0.0,2.265400559582304,208.45675478897203,Monoclinic,"K, O"
mp-1180742,KO2,0.044124390833333006,0.0,2.2920208449421082,206.0356693481888,Monoclinic,"K, O"
mp-1196514,KS3,0.0,1.8888999999999991,1.990182734819924,903.0720894865419,Monoclinic,"K, S"
mp-1536,KSb,0.0,0.8246000000000001,3.457066707542885,618.1228513850983,Monoclinic,"K, Sb"
mp-31104,KBi,0.0,0.4308,5.003121956310277,1317.3994207253545,Monoclinic,"Bi, K"
mp-3346628,KO2,0.0028451500000000003,0.1754,2.336503315709114,202.11315163673416,Monoclinic,"K, O"
mp-734250,KO2,0.092673766666667,0.0082,2.085648292808331,226.42266703163955,Monoclinic,"K, O"
mp-1726,KO3,0.097024780625,0.4127,2.04941168579816,282.280308668779,Tetragonal,"K, O"
mp-827,KN3,0.0,3.8956,2.057829582410366,130.91489535524028,Tetragonal,"K, N"
mp-1201508,KSi,0.014796516249999002,1.5811000000000002,1.849937231404449,964.8874363845969,Tetragonal,"K, Si"
mp-1201758,KGe,0.00940166234375,1.0097,2.9800315532034682,996.2085787233392,Tetragonal,"Ge, K"
mp-21526,KPb,0.0,0.5708000000000001,5.107315531405211,1281.2615838509246,Tetragonal,"K, Pb"
mp-542374,KSn,0.0,0.7321000000000001,3.411914083401286,1228.855549246432,Tetragonal,"K, Sn"
mp-21325,KO2,0.056030107499999,0.1547,2.06561693280497,114.30920260379078,Monoclinic,"K, O"
mp-1056351,Mg,0.037615175,0.0,1.782330131270344,22.644178710566422,Tetragonal,Mg
mp-1094122,Mg,0.003384133333333,0.0,1.7894791436807,202.98343202608993,Trigonal,Mg
mp-153,Mg,0.0,0.0,1.8017993845931342,44.79899633535127,Hexagonal,Mg
mp-973364,Mg,0.008570822499999001,0.0,1.790009721140348,90.18811805782043,Hexagonal,Mg
mp-1056702,Mg,0.030189964999999003,0.0,1.785243836628089,22.60722103370626,Cubic,Mg
mp-110,Mg,0.039679875,0.0,1.811054814310633,22.28502511067041,Cubic,Mg
mp-1073794,MgSi,0.09911246166666601,0.0,2.2688898768794292,230.059130295984,Monoclinic,"Mg, Si"
mp-570922,MgCl2,0.08375117666666601,4.9801,1.8039842397632282,87.64022534459218,Tetragonal,"Cl, Mg"
mp-1038767,MgCd,0.038185795,0.0,5.34396609289812,84.96395938252209,Monoclinic,"Cd, Mg"
mp-1038816,CeMg,0.016450333333331003,0.0,5.205063829229399,104.90841335556104,Monoclinic,"Ce, Mg"
mp-1038896,MgBi2,0.09417876666666401,0.0,8.205855847321612,178.99403849771744,Monoclinic,"Bi, Mg"
mp-1038936,MgBi,0.081487402499996,0.0,7.045825852347981,109.96000425934899,Monoclinic,"Bi, Mg"
mp-1039008,Ce2Mg,0.050065067222220004,0.0,6.813073038538817,148.4486025218422,Monoclinic,"Ce, Mg"
mp-1039204,MgCd2,0.059304865555557,0.0,6.478491289456238,127.71032561798201,Monoclinic,"Cd, Mg"
mp-1039350,CaMg,0.047775612499999,0.0,1.696060312384117,126.06920413578273,Monoclinic,"Ca, Mg"
mp-1039397,Ca2Mg,0.035187254166666,0.0,1.632928427870116,212.4545922746949,Monoclinic,"Ca, Mg"
mp-1039467,Ca2Mg,0.013408672499999,0.0,1.6497980800563021,210.28218395372645,Monoclinic,"Ca, Mg"
mp-1094177,La2Mg,0.033790885000001006,0.0,5.048562019165181,198.73988637086708,Monoclinic,"La, Mg"
mp-1094190,La2Mg,0.060518165000000006,0.0,5.143901533867726,195.05634690303623,Monoclinic,"La, Mg"
mp-1094206,MgSn2,0.081564865833333,0.0,5.595378787148984,155.34411654276195,Monoclinic,"Mg, Sn"
mp-1094239,MgSn2,0.07190916583333301,0.0,5.611519586687395,154.89728958157005,Monoclinic,"Mg, Sn"
mp-1094252,MgSn2,0.067471615833333,0.0,5.642983189291873,154.03362818113322,Monoclinic,"Mg, Sn"
mp-1094274,SrMg,0.07296265,0.0,2.524741758147959,147.22760015308714,Monoclinic,"Mg, Sr"
mp-1094317,Sr2Mg,0.057121876666666,0.0,2.558146398540265,259.0565326783283,Monoclinic,"Mg, Sr"
mp-1094351,MgTi2,0.071795466111109,0.0,3.538949116750616,112.6489488487572,Monoclinic,"Mg, Ti"
mp-1094352,Sr2Mg,0.079431003333333,0.0,2.556380807927077,259.23545272848804,Monoclinic,"Mg, Sr"
mp-1094419,Y2Mg,0.068479988333335,0.0,3.712423714971126,180.81054433997036,Monoclinic,"Mg, Y"
mp-1094452,YMg,0.085989590000001,0.0,3.331032921602477,112.87251949317555,Monoclinic,"Mg, Y"
mp-1094505,MgZn,0.0712255923,0.0,4.21590167534025,70.67223730208522,Monoclinic,"Mg, Zn"
mp-1094511,MgTi2,0.092451292777775,0.0,3.555609625223804,112.12111003499196,Monoclinic,"Mg, Ti"
mp-1094531,Y2Mg,0.054300795000001005,0.0,3.798095504443152,176.73208900073647,Monoclinic,"Mg, Y"
mp-1094601,Li2Mg,0.011001634444444,0.0,1.036254303715672,122.38502674272685,Monoclinic,"Li, Mg"
mp-1094621,MgGa,0.046648414999999006,0.0,4.009383392526082,77.88587524222356,Monoclinic,"Ga, Mg"
mp-1094624,MgGa2,0.06718602333333301,0.0,4.665941935912435,116.55307178255447,Monoclinic,"Ga, Mg"
mp-1094640,MgGa2,0.058825198333332,0.0,4.8980434179587125,111.03002137459153,Monoclinic,"Ga, Mg"
mp-1094646,MgGa2,0.09184321333333301,0.0,4.659000799624479,116.72671647394145,Monoclinic,"Ga, Mg"
mp-1094812,MgCd2,0.058837752222222005,0.0,6.484193600725104,255.19602992643357,Monoclinic,"Cd, Mg"
mp-1094901,MgCd2,0.047042540555557004,0.0,6.522570423394536,126.84726701028531,Monoclinic,"Cd, Mg"
mp-1095005,Ca2Mg,0.036908806666666,0.0,1.625724852073275,213.3959771325853,Monoclinic,"Ca, Mg"
mp-1183455,Ca,0.013071680000001001,0.0,1.544130909113659,86.19875997738622,Tetragonal,Ca
mp-166,Ca,0.02121779,0.0,1.5738101266525022,42.286603496274395,Tetragonal,Ca
mp-1183484,Ca,0.008999964999999001,0.0,1.525005978877473,174.55953806335285,Hexagonal,Ca
mp-132,Ca,0.005909895,0.0,1.527508022472714,174.2736112022339,Hexagonal,Ca
mp-45,Ca,0.0,0.0,1.534815625204312,43.36096382607296,Cubic,Ca
mp-21,Ca,0.005616039999999,0.0,1.558186821803846,42.710594052600456,Cubic,Ca
mp-1064227,Ca,0.010473554999999002,0.0,1.529514324812333,87.02250606556609,Orthorhombic,Ca
mp-1078638,Ca,0.019152001249999002,0.0,1.596183616492226,333.55102316074857,Tetragonal,Ca
mp-30471,CaCu,0.000139304500001,0.0,3.641315263354545,472.55370049677634,Monoclinic,"Ca, Cu"
mp-7493,CaSb2,0.0,0.0,5.3544117263486495,175.901885128571,Monoclinic,"Ca, Sb"
mp-1039570,CaMg2,0.06328275500000001,0.0,1.739289096785149,169.34492283840132,Monoclinic,"Ca, Mg"
mp-2461,CaGa4,0.001600682000001,0.0,5.387038823403971,98.32157581123911,Monoclinic,"Ca, Ga"
mp-643542,CaGe2,0.09787485666666701,0.0,4.24179490929589,72.56225416092421,Monoclinic,"Ca, Ge"
mp-917,CaC2,0.000210771666667,2.3396,2.189236157490237,97.23899144471837,Monoclinic,"C, Ca"
mp-1094998,CaMg,0.024139097499999002,0.0,1.706894615475358,62.63449770418459,Tetragonal,"Ca, Mg"
mp-20034,CaPb,0.0,0.0,6.975407029671377,117.73213450170792,Tetragonal,"Ca, Pb"
mp-2017191,BaCa,0.07795079249999701,0.0,2.684063620117292,109.75445250336486,Tetragonal,"Ba, Ca"
mp-1182183,CaO10,0.077521395454545,0.0,2.126432633932467,312.47392165760584,Tetragonal,"Ca, O"
mp-1182382,CaO10,0.05020342090909,0.0,2.512920777574513,264.4153171063857,Tetragonal,"Ca, O"
mp-1213975,CaB4,0.0,0.0,2.642539600836124,209.4340399870896,Tetragonal,"B, Ca"
mp-22904,CaCl2,0.001869090833332,5.3533,2.1470561707390132,171.67065331513982,Tetragonal,"Ca, Cl"
mp-571166,CaBr2,0.0017474066666660001,4.4482,3.269983382807338,203.00929577290373,Tetragonal,"Br, Ca"
mp-1009657,CaN2,0.0,0.0,2.956401288995216,38.245291740457695,Tetragonal,"Ca, N"
mp-1039409,CaMg3,0.047027422346938005,0.0,1.792493065959835,104.67504411341359,Tetragonal,"Ca, Mg"
mp-1095016,CaMg2,0.073613626666666,0.0,1.750187136830431,84.14522415647565,Tetragonal,"Ca, Mg"
mp-1183342,Ba3Ca,0.0392140475,0.0,3.096433751471035,242.42780248455486,Tetragonal,"Ba, Ca"
mp-1183511,CaAg3,0.071811945,0.0,7.419057293086879,81.39971714538277,Tetragonal,"Ag, Ca"
mp-1183620,CaEu3,0.046251483749998004,0.0,4.674904147173979,176.16993524016144,Tetragonal,"Ca, Eu"
mp-1187110,Sr3Ca,0.044507889999998,0.0,2.357246104372858,213.40172450576762,Tetragonal,"Ca, Sr"
mp-1205360,CaGe3,0.090985402500001,0.0,5.009990508273799,342.0491574961312,Tetragonal,"Ca, Ge"
mp-1749,CaAl4,0.0,0.0,2.346956254386141,104.71719698268504,Tetragonal,"Al, Ca"
mp-1976,CaGa4,0.0,0.0,5.32222545109275,99.51892322875061,Tetragonal,"Ca, Ga"
mp-21187,CaIn,0.0,0.0,4.522365872714416,227.5011500612536,Tetragonal,"Ca, In"
mp-2482,CaC2,0.0029290600000010003,1.3593,2.221056574467479,47.92293866708488,Tetragonal,"C, Ca"
mp-634859,CaO2,0.0,2.7345,3.312892458777454,36.12744563392267,Tetragonal,"Ca, O"
mp-976075,Li3Ca,0.060047558958333004,0.0,0.95025120041508,106.4229012821373,Tetragonal,"Ca, Li"
mp-18567,CaZn11,0.0,0.0,6.772756053530909,372.4649972984803,Tetragonal,"Ca, Zn"
mp-862,CaSi2,0.028903806666667003,0.0,2.609058357820129,122.51563798267625,Tetragonal,"Ca, Si"
mp-1575,CaC2,0.0,2.0383,2.199846562628209,96.76998369119411,Monoclinic,"C, Ca"
mp-1271068,Fe,0.017069855000000002,0.0,8.109373830977775,45.741043013505404,Tetragonal,Fe
mp-1271128,Fe,0.099134600000001,0.0,8.517772787608946,21.77395584881966,Tetragonal,Fe
mp-136,Fe,0.09780592,0.0,9.40774412148467,19.71414254179415,Hexagonal,Fe
mp-13,Fe,0.0,0.0,7.902858241785766,23.468168469356993,Cubic,Fe
mp-1271198,Fe,0.054992034999999,0.0,7.618499799098144,48.68822300937243,Orthorhombic,Fe
mp-2051155,FeCl3,0.058973778333334004,1.3509,2.271085885433305,237.19585462299435,Triclinic,"Cl, Fe"
mp-676241,FeCl3,0.024356177083334003,0.6636000000000001,2.200413099857064,244.81410220315692,Triclinic,"Cl, Fe"
mp-1178232,FeO,0.012036054999999001,0.0,5.602115229250103,85.18241987850475,Monoclinic,"Fe, O"
mp-1274279,FeO,0.0,1.8157,5.6148992124359385,84.98847683834407,Monoclinic,"Fe, O"
mp-1722,Zn13Fe,0.0,0.0,7.626849799103289,197.29212470465896,Monoclinic,"Fe, Zn"
mp-22510,FeGe,0.019820883333334,0.0,7.783657232864989,109.64221860708533,Monoclinic,"Fe, Ge"
mp-1009134,MnFe,0.09255887603448,0.0,8.733741964154095,21.06308783731317,Tetragonal,"Fe, Mn"
mp-1215473,ZnFe,0.022560960833332002,0.0,8.053823080443978,25.00017717926042,Tetragonal,"Fe, Zn"
mp-1225083,FeCo3,0.081429389999999,0.0,8.99362863011787,42.95434444910822,Tetragonal,"Co, Fe"
mp-20738,FeSi2,0.070323002083334,0.0,5.075337680593534,36.64917603325126,Tetragonal,"Fe, Si"
mp-2213,FeNi,0.0,0.0,8.535536782713221,44.565559886299106,Tetragonal,"Fe, Ni"
mp-2260,FePt,0.0,0.0,14.981159977848371,27.81342753558363,Tetragonal,"Fe, Pt"
mp-2831,FePd,0.008477096666666,0.0,9.808478545574463,54.94172626057734,Tetragonal,"Fe, Pd"
mp-20311,FeSe,0.0,0.0,4.941151906868024,90.60598544313967,Tetragonal,"Fe, Se"
mp-21273,FeTe,0.07645376875000101,0.0,6.996625048410066,87.07557914416442,Tetragonal,"Fe, Te"
mp-505531,FeS,0.0,0.0,4.294013387059193,67.99139927450518,Tetragonal,"Fe, S"
mp-753682,FeO,0.087101994999999,0.0,4.706689133109818,101.38798594298704,Tetragonal,"Fe, O"
mp-556911,FeF2,0.0,1.6921,4.318802548760486,72.16258851761452,Tetragonal,"F, Fe"
mp-636368,Ga3Fe,0.0,0.22150000000000003,7.084328261604737,248.47301477035109,Tetragonal,"Fe, Ga"
mp-1007855,FeNi3,0.0170325225,0.0,8.712064155440634,44.20546592147309,Tetragonal,"Fe, Ni"
mp-1104104,Be12Fe,0.018285425769231003,0.0,2.568896000308672,106.00420086187538,Tetragonal,"Be, Fe"
mp-1184336,FeIr3,0.0,0.0,18.95798036589193,55.400643802640644,Tetragonal,"Fe, Ir"
mp-715262,FeO,0.009280054999999001,0.0,5.577375605140057,42.7801322207853,Tetragonal,"Fe, O"
mp-27164,FeP4,0.005661479499998,1.075,4.170169112889482,429.4291624011687,Monoclinic,"Fe, P"
mp-1159,Zr2Fe,0.004575485666668,0.0,7.111274052973014,111.28662257978525,Tetragonal,"Fe, Zr"
mp-21108,U6Fe,0.016314791071433,0.0,18.244235639182758,270.1423810919332,Tetragonal,"Fe, U"
mp-21117,FeGe2,0.018091517222224,0.0,7.777100468211013,85.88700149498013,Tetragonal,"Fe, Ge"
mp-22752,FeSn2,0.013997236666667,0.0,8.36399547953507,116.44625838404171,Tetragonal,"Fe, Sn"
mp-1080525,FeB,0.00839964625,0.0,6.7843569021940064,65.25888517892977,Tetragonal,"B, Fe"
mp-1182789,FeCl3,0.0007547514583340001,0.042100000000000005,2.644786965984538,2444.1688398159863,Trigonal,"Cl, Fe"
mp-23204,FeCl3,0.07341219833333401,0.0,2.7573776826129013,195.3639361464281,Trigonal,"Cl, Fe"
mp-23232,FeBr3,0.0,0.0,4.270878160926458,229.82811797217516,Trigonal,"Br, Fe"
mp-583463,FeCl3,0.0,0.4268,2.79528438994453,578.1438476765462,Trigonal,"Cl, Fe"
mp-1181783,FeF3,0.019842060416667,3.002799999999999,3.433776364934121,109.13673833719639,Monoclinic,"F, Fe"
mp-1213622,FeF6,0.0,0.5263,2.785641977932983,202.4799674244229,Monoclinic,"F, Fe"
mp-1271142,Co,0.010144927499998001,0.0,8.99079359563772,43.53825791953996,Trigonal,Co
mp-1183710,Co,0.010616019999998,0.0,9.155737593091484,42.7539001077957,Hexagonal,Co
mp-54,Co,0.025098924999999002,0.0,9.197331638101419,21.280274859645473,Hexagonal,Co
mp-102,Co,0.0,0.0,9.026471225712273,10.841542632772713,Cubic,Co
mp-2647057,Co,0.08956573499999801,0.0,8.871717589669283,11.030656874268672,Cubic,Co
mp-1220493,NdCo,0.08913105386363501,0.0,7.9665507125959945,211.74807067262967,Monoclinic,"Co, Nd"
mp-1271165,CoF3,0.014427379999999,0.22530000000000003,3.369445142031891,228.52859940117594,Monoclinic,"Co, F"
mp-1272680,CoO2,0.014164345833335002,1.2544,4.470409478608143,135.1072028850371,Monoclinic,"Co, O"
mp-21237,CoGe,0.0,0.0,8.432408064668786,103.63940110076324,Monoclinic,"Co, Ge"
mp-30568,Zn13Co,0.0,0.0,7.767907608338069,194.3696483323901,Monoclinic,"Co, Zn"
mp-601820,Fe3Co,0.0,0.0,8.21480064690456,45.778260642464964,Tetragonal,"Co, Fe"
mp-949,CoPt,0.0,0.0,15.790161995450742,53.42636459425499,Tetragonal,"Co, Pt"
mp-1271121,CoF3,0.010794163124999001,1.638199999999999,3.475764043011478,110.76910997682208,Tetragonal,"Co, F"
mp-1147746,CoS,0.084537027916667,0.0,4.591952859758208,65.81341856176692,Tetragonal,"Co, S"
mp-20559,Ga3Co,0.0,0.0,7.290474998820155,244.26072030190545,Tetragonal,"Co, Ga"
mp-22236,In3Co,0.0,0.0,8.151843223306399,328.6815891397892,Tetragonal,"Co, In"
mp-555908,CoF2,0.0,2.2721,4.666660251169866,68.98126085349506,Tetragonal,"Co, F"
mp-1104193,Be12Co,0.048684339615384,0.0,2.653523648872987,104.55600656530929,Tetragonal,"Be, Co"
mp-1183423,Be3Co,0.0,0.0,4.272686656558092,33.41132288670624,Tetragonal,"Be, Co"
mp-971948,Zn3Co,0.017516067159093002,0.0,8.294774901672646,51.080767960723556,Tetragonal,"Co, Zn"
mp-14285,CoP2,0.0,0.437799999999999,5.185653188975327,154.83268856077132,Monoclinic,"Co, P"
mp-2715,CoAs2,0.0,0.172299999999999,7.546049905466102,183.76838977981774,Monoclinic,"As, Co"
mp-755,CoSb2,0.030628977777777,0.0,8.352510478830764,240.51946891339605,Monoclinic,"Co, Sb"
mp-1271079,CoF3,0.0,1.6435,3.396809423561567,226.68760093708212,Tetragonal,"Co, F"
mp-1397055,CoF4,0.007734817499999,1.613999999999999,3.16137057740592,141.74310160587123,Tetragonal,"Co, F"
mp-20155,CoSn2,0.01292766986111,0.0,9.086250659342552,108.31883826652756,Tetragonal,"Co, Sn"
mp-30562,Sc2Co,0.06657350333333201,0.0,4.451006658905417,111.05935706647587,Tetragonal,"Co, Sc"
mp-574,Ta2Co,0.0,0.0,15.20657722523519,91.90798294494512,Tetragonal,"Co, Ta"
mp-582635,U6Co,0.04077744607143,0.0,18.350875555967026,269.13143073714446,Tetragonal,"Co, U"
mp-628,Zr2Co,0.043680501666667,0.0,7.281141626833729,110.09891711566502,Tetragonal,"Co, Zr"
mp-1278937,CoO2,0.057328405000000006,0.9448000000000001,4.756387359148226,126.98387973885814,Tetragonal,"Co, O"
mp-985707,CoSn3,0.0,0.0,8.145906384524958,676.8834483191839,Tetragonal,"Co, Sn"
mp-1281832,CoO2,0.07324839500000101,1.026399999999999,2.9176434484240192,103.50553984445028,Monoclinic,"Co, O"
mp-1359404,CoO2,0.083427535555556,0.0,4.668607847408153,388.1143202512593,Trigonal,"Co, O"
mp-1009641,CoTe2,0.019206191666661,0.0,7.581466858828933,68.8033664363929,Trigonal,"Co, Te"
mp-1120788,CoCl2,0.011647123333332001,0.09100000000000001,1.208169946956345,178.45424496491452,Trigonal,"Cl, Co"
mp-30033,CoBr2,0.0,0.1072,4.667836392740899,77.81513086815478,Trigonal,"Br, Co"
mp-569610,CoI2,0.0,0.0,5.968076484460047,87.01640039158713,Trigonal,"Co, I"
mp-696114,CoCl2,0.001190196666666,0.079099999999999,3.326232985902064,64.81898790229346,Trigonal,"Cl, Co"
mp-1218179,TaCo,0.006195417666669,0.0,14.442669703265478,358.54275970257396,Trigonal,"Co, Ta"
mp-10257,Ni,0.04583529000000101,0.0,9.221740491591103,21.137589751186848,Hexagonal,Ni
mp-23,Ni,0.0,0.0,9.289219853118466,10.492020341068946,Cubic,Ni
mp-1048,TiNi,0.0,0.0,6.625800858603042,53.41171910495046,Monoclinic,"Ni, Ti"
mp-1179013,TiNi,0.010050409999999,0.0,6.518078495566351,54.29443885123011,Monoclinic,"Ni, Ti"
mp-31139,TbNi,0.000619543333334,0.0,9.133206611422944,474.79197794259716,Monoclinic,"Ni, Tb"
mp-1018140,MgNi,0.045670855763889004,0.0,5.047594076587626,27.304510539894014,Tetragonal,"Mg, Ni"
mp-1228868,AlNi,0.026780045000000002,0.0,6.060902167304869,23.472839297968516,Tetragonal,"Al, Ni"
mp-1797,MnNi,0.036898397356321,0.0,7.6289179910550615,24.7334489422941,Tetragonal,"Mn, Ni"
mp-429,ZnNi,0.0,0.0,8.906568762336324,46.27525794900231,Tetragonal,"Ni, Zn"
mp-945,NiPt,0.0,0.0,16.036278150174454,52.55674452311622,Tetragonal,"Ni, Pt"
mp-998945,TiNi,0.06664096999999901,0.0,6.601175128775467,26.805485947673503,Tetragonal,"Ni, Ti"
mp-1067475,TiNi,0.071746234999999,0.0,6.662728363550433,53.1156899988733,Tetragonal,"Ni, Ti"
mp-571033,NiSe,0.09245323166666701,0.0,6.294033620599634,72.633500908608,Tetragonal,"Ni, Se"
mp-559798,NiF2,0.0,4.9116,4.858200007945914,66.09767602083656,Tetragonal,"F, Ni"
mp-1007862,Fe3Ni,0.07637603750000001,0.0,8.092877146430878,46.4187320995087,Tetragonal,"Fe, Ni"
mp-1185204,Li3Ni,0.093283324999999,0.0,2.401551211717096,54.981167168608614,Tetragonal,"Li, Ni"
mp-1186350,NiIr3,0.011985112499992,0.0,19.61110700237134,53.79676918890742,Tetragonal,"Ir, Ni"
mp-1190013,TiNi,0.034571256249999,0.0,6.60301693035981,214.38407203100164,Tetragonal,"Ni, Ti"
mp-865168,Be3Ni,0.0,0.0,4.243303365787677,33.54884443527943,Tetragonal,"Be, Ni"
mp-971941,Zn3Ni,0.028257140067568003,0.0,8.365757074761854,50.5997579526117,Tetragonal,"Ni, Zn"
mp-1180046,NiS2,0.0,0.24040000000000003,3.940790604191446,103.50869887667355,Monoclinic,"Ni, S"
mp-769108,NiP4,0.07834155050000101,0.0,3.9424532623804573,461.43134363621044,Monoclinic,"Ni, P"
mp-850131,NiS2,0.021697538333333002,0.0,4.323290135292187,94.35085206413257,Monoclinic,"Ni, S"
mp-1095578,Ga5Ni,0.021044003333335,0.0,7.159019774039257,188.95087084603168,Tetragonal,"Ga, Ni"
mp-1185791,Mg2Ni,0.0019095833333330002,0.0,3.54458602368237,100.53726245520693,Tetragonal,"Mg, Ni"
mp-1867,Ta2Ni,0.0,0.0,15.036324253874438,92.89567308825741,Tetragonal,"Ni, Ta"
mp-328,Zr2Ni,0.0,0.0,7.299906304575116,109.70680953087206,Tetragonal,"Ni, Zr"
mp-636821,U6Ni,0.041547670178577,0.0,18.230911680670584,270.85869879789317,Tetragonal,"Ni, U"
mp-861,Hf2Ni,0.013278753333331,0.0,13.05335235149764,105.75703483055912,Tetragonal,"Hf, Ni"
mp-1189328,TiNi,0.022365216111110003,0.0,6.486379750563485,245.51898371882365,Trigonal,"Ni, Ti"
mp-2716,TiNi,0.024763409444445002,0.0,6.641919489348608,239.7694472097384,Trigonal,"Ni, Ti"
mp-614777,NiF3,0.0,0.0,4.543954278394464,84.55430844225538,Trigonal,"F, Ni"
mp-486,NiP2,0.006562992499995,0.3713,4.5692609593876075,87.68550061521131,Monoclinic,"Ni, P"
mp-770274,NiP4,0.086698857833333,0.0,3.883674532730065,312.2766838041175,Monoclinic,"Ni, P"
mp-597,TiNi,0.022700761666666,0.0,6.487972611986743,245.4587063808582,Trigonal,"Ni, Ti"
mp-1547,NiS,0.014181840833332002,0.0,5.54550911388632,81.52968414282847,Trigonal,"Ni, S"
mp-15651,NiSe,0.0,0.0,7.241909815561372,94.6900144458362,Trigonal,"Ni, Se"
mp-1224697,Fe2Ni,0.08932948666666701,0.0,8.224540201109791,34.40049961236216,Trigonal,"Fe, Ni"
mp-2578,NiTe2,0.0,0.0,7.504894339130935,69.45231070478455,Trigonal,"Ni, Te"
mp-2647025,Mn,0.052632352068965,0.0,8.48296302953795,21.508232358781772,Hexagonal,Mn
mp-542909,Mn,0.039890561017243004,0.0,6.051266324949936,301.51298940187866,Cubic,Mn
mp-35,Mn,0.0,0.0,7.005220776836564,377.65780883545983,Cubic,Mn
mp-796336,MnO2,0.036088028333333,0.985,3.4873325260826142,248.3767057538618,Monoclinic,"Mn, O"
mp-1176438,MnF3,0.022263145,0.310999999999999,3.245291272983107,229.09443434225958,Monoclinic,"F, Mn"
mp-672389,MnTe,0.09356448426724001,0.0,5.911142944079177,205.1119776535918,Monoclinic,"Mn, Te"
mp-615138,MnF2,0.054658780833334,3.283,4.202839577300487,146.87398703662893,Tetragonal,"F, Mn"
mp-1210567,MnZn13,0.014834107142855001,0.0,7.472561093164602,201.1641455610551,Monoclinic,"Mn, Zn"
mp-1210582,MnZn13,0.085269938571428,0.0,6.981360849921663,215.31781550528336,Monoclinic,"Mn, Zn"
mp-644514,MnO2,0.0,0.540999999999999,5.001461680242682,173.18380507009397,Monoclinic,"Mn, O"
mp-758601,MnF3,0.09177825624999801,1.3373,3.143953090369681,118.23938638545569,Monoclinic,"F, Mn"
mp-1001836,MnGa,0.0,0.0,7.667674940011587,26.997041075057332,Tetragonal,"Ga, Mn"
mp-12675,MnAu,0.071660423017242,0.0,12.429139668223266,33.65457817432254,Tetragonal,"Au, Mn"
mp-1670,MnPt,0.0,0.0,13.806613246286044,60.14094344902484,Tetragonal,"Mn, Pt"
mp-238,MnPd,0.0022244234137920003,0.0,8.897919578609027,60.225614553056424,Tetragonal,"Mn, Pd"
mp-2728,MnIr,0.0,0.0,15.79371569526229,25.98569048909078,Tetragonal,"Ir, Mn"
mp-771,MnAl,0.0,0.0,5.071908127930998,53.64082528951334,Tetragonal,"Al, Mn"
mp-999542,MnFe3,0.051220863017242005,0.0,8.028968187258098,46.01153895144762,Tetragonal,"Fe, Mn"
mp-753295,MnF3,0.026806686249999,0.0,3.39745074552192,109.41706357919881,Tetragonal,"F, Mn"
mp-759525,MnF3,0.027228006999998004,0.0,3.05145086694886,609.1185806993994,Tetragonal,"F, Mn"
mp-604910,MnSe,0.023666442499997,0.0,5.452820467407736,81.55153319014968,Tetragonal,"Mn, Se"
mp-510408,MnO2,0.046443044722222,0.0,5.200624691225469,55.51718726906692,Tetragonal,"Mn, O"
mp-560902,MnF2,0.00021855750000100002,2.536299999999999,3.9261829704143523,78.6116961747604,Tetragonal,"F, Mn"
mp-757186,MnF3,0.042534918749998006,1.0699,3.388964063045631,219.38213407662386,Tetragonal,"F, Mn"
mp-1104792,MnBe12,0.0,0.0,2.5207910224986,107.42966433306988,Tetragonal,"Be, Mn"
mp-11252,MnAu2,0.0,0.0,14.831388091619958,50.256127790466635,Tetragonal,"Au, Mn"
mp-31138,MnPd3,0.0,0.0,10.384218333741561,119.67592598642084,Tetragonal,"Mn, Pd"
mp-1106184,MnB4,0.0060823100000000005,0.0053,4.560769604055294,142.9891316730522,Monoclinic,"B, Mn"
mp-1176433,MnF3,0.050799068749999,0.0,3.489158125658025,213.0823945732534,Monoclinic,"F, Mn"
mp-753574,MnF4,0.060740339999999005,0.19660000000000002,3.775612232324731,115.1692067157722,Monoclinic,"F, Mn"
mp-769096,MnP4,0.052898768999999006,0.0,3.9760976517458193,448.11676674543816,Monoclinic,"Mn, P"
mp-1094140,MnGe2,0.047492406666666,0.0,7.400614544527722,89.849264155128,Tetragonal,"Ge, Mn"
mp-20086,MnSn2,0.009669549022984001,0.0,8.165669136955971,118.9056149630566,Tetragonal,"Mn, Sn"
mp-568195,U6Mn,0.036532812142862005,0.0,18.115314511248936,271.8986294880099,Tetragonal,"Mn, U"
mp-1974638,HfMn,0.0,0.0,11.262057584207062,413.01481729888076,Tetragonal,"Hf, Mn"
mp-556560,MnF3,0.0,0.49360000000000004,3.2606856333644583,114.00641645002693,Monoclinic,"F, Mn"
mp-571193,MnP4,0.004488425166665,0.5243,4.133395758819001,574.7513272956154,Monoclinic,"Mn, P"
mp-755453,MnP4,0.040292152666666005,0.0,3.949466461150622,300.75894073134725,Monoclinic,"Mn, P"
mp-1010136,Cu,0.03556281,0.0,9.201400940058464,11.467885837555203,Tetragonal,Cu
mp-989695,Cu,0.007716539999998001,0.0,9.210602272661523,45.825717972586844,Hexagonal,Cu
mp-989782,Cu,0.012339934999999,0.0,9.227350522582427,22.871270635686635,Hexagonal,Cu
mp-30,Cu,0.0,0.0,9.21899604714547,11.445998564977856,Cubic,Cu
mp-998890,Cu,0.033066179999998,0.0,9.209264324422124,11.458093915963799,Cubic,Cu
mp-1067210,ZrCu,0.024891506730771003,0.0,7.2303868726776415,71.08931675809656,Monoclinic,"Cu, Zr"
mp-32880,CuBr,0.001041819999999,0.4449,5.134752715060553,46.39061359373776,Tetragonal,"Br, Cu"
mp-1077372,Zr2Cu,0.044237781666669,0.0,6.992569168056965,116.8333519002447,Monoclinic,"Cu, Zr"
mp-23219,CuBr2,0.008433290000001,0.0,4.619400709185497,80.28921196290247,Monoclinic,"Br, Cu"
mp-2360071,CuBr2,0.0,0.0,4.076179186911299,90.98914097601644,Monoclinic,"Br, Cu"
mp-2500,AlCu,0.0,0.0,5.511280106531164,136.37894603678083,Monoclinic,"Al, Cu"
mp-30999,CuCl2,0.0,0.0,3.261091609729422,68.46259636386836,Monoclinic,"Cl, Cu"
mp-32829,CuCl4,0.09155172,0.0,2.752248397423521,123.90051056367945,Tetragonal,"Cl, Cu"
mp-33218,CuI4,0.0,0.0,5.364724317171609,176.79192444894747,Tetragonal,"Cu, I"
mp-11359,Ga2Cu,0.0,0.0,7.41154853982418,45.47985409473733,Tetragonal,"Cu, Ga"
mp-1147667,CuI2,0.0931066309009,0.0,4.288140074608916,122.89250506737712,Tetragonal,"Cu, I"
mp-1213016,CuI2,0.098419154234234,0.0,4.034207627984498,130.62795087514615,Tetragonal,"Cu, I"
mp-2034504,ZnCu,0.002778430000001,0.0,8.557678266633443,25.022536330714708,Tetragonal,"Cu, Zn"
mp-522,CuAu,0.0,0.0,14.86263662404068,58.21191880115012,Tetragonal,"Au, Cu"
mp-985825,Al3Cu,0.056474247499999006,0.0,4.136764462174224,57.99999359085728,Tetragonal,"Al, Cu"
mp-2078,TiCu,0.0,0.0,6.553558170638885,56.4596007878481,Tetragonal,"Cu, Ti"
mp-22863,CuI,0.013425672499998001,1.5721999999999992,5.770785054562077,109.60395949501547,Tetragonal,"Cu, I"
mp-22917,CuBr,0.0018194724999990002,0.9962000000000001,5.306180220809305,89.78373111776392,Tetragonal,"Br, Cu"
mp-580226,CuSe,0.0538432525,0.0,6.108131817601714,77.48253878313065,Tetragonal,"Cu, Se"
mp-1692,CuO,0.0,0.0,6.155599921960791,42.9164487435527,Tetragonal,"Cu, O"
mp-1184018,CuAu3,0.011761142499999001,0.0,16.795736348245672,64.70288893024134,Tetragonal,"Au, Cu"
mp-1184054,CuNi3,0.0430200825,0.0,9.297002557231611,42.799672693581684,Tetragonal,"Cu, Ni"
mp-1184119,CuPd3,0.0107508675,0.0,11.189575369032706,56.80861846536989,Tetragonal,"Cu, Pd"
mp-193,Zr2Cu,0.0,0.0,7.041590575522222,58.009996856272245,Tetragonal,"Cu, Zr"
mp-30581,Hf2Cu,0.0,0.0,12.635812480611495,55.26354973948127,Tetragonal,"Cu, Hf"
mp-742,Ti2Cu,0.0,0.0,5.792678466692911,45.65947584503994,Tetragonal,"Cu, Ti"
mp-975882,Li3Cu,0.059976963055556005,0.0,2.381536341434381,58.82674056764356,Tetragonal,"Cu, Li"
mp-1229,CuF2,0.0,0.0,4.952617617703766,68.09158710604335,Monoclinic,"Cu, F"
mp-927,CuP2,0.0,0.8679000000000001,4.365565051390864,190.93693187864682,Monoclinic,"Cu, P"
mp-1034,Th2Cu,0.0051136466666660005,0.0,11.418119465737002,153.46435028839687,Tetragonal,"Cu, Th"
mp-1052023,Mg2Cu,0.009202400000000001,0.0,3.50801250552495,106.17945019310595,Tetragonal,"Cu, Mg"
mp-998,Al2Cu,0.047588876666665,0.0,4.533902325917433,86.07526115209427,Tetragonal,"Al, Cu"
mp-704645,CuO,0.000264654999999,0.0,5.938478413978436,44.485551705434986,Monoclinic,"Cu, O"
mp-570136,CuI,0.00034490833333300004,1.4615,5.741435282416863,330.4927393216617,Trigonal,"Cu, I"
mp-1244987,Zn,0.058374756800001,0.0,6.7334943798243945,1613.043594907879,Triclinic,Zn
mp-1245093,Zn,0.055068915200001005,0.0,6.725669426370674,1614.9202840891055,Triclinic,Zn
mp-1245184,Zn,0.0488518927,0.0,6.7792829884687045,1602.1487816925169,Triclinic,Zn
mp-1245266,Zn,0.052315974800000005,0.0,6.690725760909228,1623.3545311604494,Triclinic,Zn
mp-1187812,Zn,0.007402094999999001,0.0,7.519442999574767,43.333342568079175,Trigonal,Zn
mp-79,Zn,0.0,0.0,7.5308573201351905,28.845108913918352,Hexagonal,Zn
mp-2646972,Zn,0.005205379999999001,0.0,7.160073454618153,15.169425355152562,Cubic,Zn
mp-2647117,Zn,0.071662429999999,0.0,7.029542496743742,15.451105083659737,Cubic,Zn
mp-1215724,ZnAg,0.010839887046781,0.0,8.78710194890394,294.7049043720914,Triclinic,"Ag, Zn"
mp-1094458,Mg2Zn,0.0801887782,0.0,3.164255769743937,119.66984821204063,Monoclinic,"Mg, Zn"
mp-1094489,Mg2Zn,0.089705956533333,0.0,3.167814477147044,119.53541168558584,Monoclinic,"Mg, Zn"
mp-1094503,Mg2Zn,0.058884221533333,0.0,3.315623853409557,114.20656395626332,Monoclinic,"Mg, Zn"
mp-22909,ZnCl2,0.0,4.0533,2.926450984350554,154.69685573005597,Tetragonal,"Cl, Zn"
mp-1094862,MgZn,0.053256547300000005,0.0,4.301303488610034,34.634524677330596,Tetragonal,"Mg, Zn"
mp-1215509,ZnPd2,0.038104776666668005,0.0,10.74998793496907,85.96164712694868,Tetragonal,"Pd, Zn"
mp-1652,ZnPd,0.0,0.0,10.192877347918426,55.98591203161702,Tetragonal,"Pd, Zn"
mp-894,ZnPt,0.0,0.0,15.229981029964447,56.803590526447756,Tetragonal,"Pt, Zn"
mp-1093993,ZnO,0.0328996925,0.7376,5.450391709469147,99.20889048362783,Tetragonal,"O, Zn"
mp-1873,ZnF2,0.0,3.4592,4.9560901447029195,69.29227525209552,Tetragonal,"F, Zn"
mp-567279,ZnCl2,0.001596425,3.8828,3.061692456144388,147.8635663809495,Tetragonal,"Cl, Zn"
mp-1014229,Ti2Zn,0.0,0.0,5.540104326272281,48.299496011327044,Tetragonal,"Ti, Zn"
mp-1014231,Hf2Zn,0.0,0.0,12.042921594000443,58.241136116964206,Tetragonal,"Hf, Zn"
mp-1018105,Zr2Zn,0.016274941666665002,0.0,6.717491841126622,61.26933104860293,Tetragonal,"Zn, Zr"
mp-1018178,Ba2Zn,0.0,0.0,4.30318879913481,131.22545232473433,Tetragonal,"Ba, Zn"
mp-1094433,Mg3Zn,0.06394395365000001,0.0,2.906654383751529,79.02295062405095,Tetragonal,"Mg, Zn"
mp-1185085,La3Zn,0.096919905,0.0,6.619268585939723,120.94811804526351,Tetragonal,"La, Zn"
mp-1186091,Na3Zn,0.09068470530835601,0.0,1.915468027675869,116.49394646522403,Tetragonal,"Na, Zn"
mp-1187474,Ti3Zn,0.011189639166667001,0.0,5.370466920629294,64.62552985418957,Tetragonal,"Ti, Zn"
mp-1187946,ZnAg3,0.008652792777777,0.0,9.783331397335909,66.02784409558178,Tetragonal,"Ag, Zn"
mp-1187951,ZnCo3,0.076358853522727,0.0,8.8031677006385,45.687737793434856,Tetragonal,"Co, Zn"
mp-865425,ZnPd3,0.011163510625002001,0.0,10.938038137012441,58.397849249447056,Tetragonal,"Pd, Zn"
mp-971779,ZnRh3,0.015515012499999,0.0,11.379372626226402,54.59439891523049,Tetragonal,"Rh, Zn"
mp-971804,ZnNi3,0.011426597500000002,0.0,9.078880563251134,44.16868885632551,Tetragonal,"Ni, Zn"
mp-971832,ZnIn3,0.09154063250000201,0.0,6.884273786016664,98.86206513696438,Tetragonal,"In, Zn"
mp-972088,Zr3Zn,0.040938085000000006,0.0,6.843042928755833,82.28170612166052,Tetragonal,"Zn, Zr"
mp-976414,Li3Zn,0.025022655416666,0.0,2.241224119570164,63.88990888537882,Tetragonal,"Li, Zn"
mp-1244953,Al,0.09572362820000001,0.0,2.532974864040623,1768.8252505357063,Triclinic,Al
mp-1245129,Al,0.0947504108,0.0,2.550587009119748,1756.6112751564451,Triclinic,Al
mp-1183144,Al,0.0104807275,0.0,2.818666903640435,63.58168668601001,Hexagonal,Al
mp-2647008,Al,0.032078225,0.0,2.687793839839777,33.338791331960074,Hexagonal,Al
mp-134,Al,0.0,0.0,2.720050209019067,16.471717630914863,Cubic,Al
mp-1251148,AlF3,0.0361508475,7.4507,2.726775486958584,102.27953987342649,Monoclinic,"Al, F"
mp-1399,AlAu,0.0,0.0,10.805918253835348,137.65589293772447,Monoclinic,"Al, Au"
mp-570987,Ce3Al,0.010923484999999001,0.0,7.209541531657666,412.1250546807857,Monoclinic,"Al, Ce"
mp-1228956,AlAu4,0.07175598050000001,0.0,14.968187302681958,90.39749450720004,Monoclinic,"Al, Au"
mp-25469,AlCl3,0.0,5.263,2.40641043516053,184.0227837044055,Monoclinic,"Al, Cl"
mp-1039141,MgAl,0.02454345875,0.0,2.265505608554158,37.59129997931893,Tetragonal,"Al, Mg"
mp-1953,TiAl,0.0,0.0,3.8687884886405763,32.12605775377784,Tetragonal,"Al, Ti"
mp-1079182,AlPt3,0.013525094375005,0.0,16.84067881414494,120.73595369257413,Tetragonal,"Al, Pt"
mp-555026,AlF3,0.015193115750000001,7.4176,2.951076850618678,472.528091035301,Tetragonal,"Al, F"
mp-607111,AlPt3,0.0,0.0,17.220857989024434,236.14101210892144,Tetragonal,"Al, Pt"
mp-1228815,AlRe,0.0,0.0,12.52322873576359,56.53620234304166,Tetragonal,"Al, Re"
mp-1323,AlF3,0.013772237656250002,7.4026,2.875641834284692,775.8778268396874,Tetragonal,"Al, F"
mp-1193531,Ta2Al,0.0,0.0,12.66965539587097,509.67917142373227,Tetragonal,"Al, Ta"
mp-18427,Nb2Al,0.0,0.0,6.8271069171903545,517.5739156586486,Tetragonal,"Al, Nb"
mp-1018166,AlTc2,0.0,0.0,8.861367365024536,41.78469763451124,Tetragonal,"Al, Tc"
mp-1018179,AlAu2,0.015901574166669,0.0,14.216788466360812,49.163372294201366,Tetragonal,"Al, Au"
mp-10909,AlRe2,0.0,0.0,15.507390075763249,42.7674735484724,Tetragonal,"Al, Re"
mp-1094961,Mg3Al,0.045159970520833,0.0,2.021071305231785,82.076324835254,Tetragonal,"Al, Mg"
mp-862848,Pa3Al,0.0,0.0,13.131459184676148,91.05889876249074,Tetragonal,"Al, Pa"
mp-975868,Li3Al,0.059411758124999006,0.0,1.193074196005416,66.5350941055197,Tetragonal,"Al, Li"
mp-23288,AlBr3,0.0,4.0992,3.141176611644674,563.9352311657797,Monoclinic,"Al, Br"
mp-30930,AlI3,0.0,3.2639,3.7331499892699993,725.3856847943193,Monoclinic,"Al, I"
mp-1080448,AlPt3,0.002414845625004,0.0,16.826103594812515,120.84053839315338,Tetragonal,"Al, Pt"
mp-12772,Hf2Al,0.037185234444436,0.0,10.543519126838898,120.94313620471435,Tetragonal,"Al, Hf"
mp-12773,Zr2Al,0.043625434333328,0.0,5.518459958395972,126.03731228173895,Tetragonal,"Al, Zr"
mp-1651,Th2Al,0.0,0.0,9.62983428642046,169.35295079964004,Tetragonal,"Al, Th"
mp-1228988,AlAg3,0.0,0.0,8.683933897840129,335.1948472906604,Trigonal,"Ag, Al"
mp-669546,AlPd,0.007942607692307,0.0,7.726936450930941,372.6884621551497,Trigonal,"Al, Pd"
mp-1183007,AlF3,0.009294764999999,7.4905,3.025755973150855,92.17311132128023,Monoclinic,"Al, F"
mp-1103295,AlF3,0.002904201249999,7.4257,2.902761552438926,144.11793929987138,Trigonal,"Al, F"
mp-1025044,AlNi2,0.027575857500000002,0.0,7.148100740005991,67.07495457744089,Trigonal,"Al, Ni"
mp-1038779,MgAl,0.07534956875000001,0.0,2.198716849891578,38.73318246512205,Trigonal,"Al, Mg"
mp-1079297,Si,0.08220610625000001,0.2735,2.231027796342244,167.23079840226276,Monoclinic,Si
mp-1203790,Si,0.08439319661764601,1.359999999999999,2.00791585028713,1579.409195104524,Hexagonal,Si
mp-165,Si,0.013606870000000002,0.438899999999999,2.317290669455944,80.50275361604727,Hexagonal,Si
mp-971662,Si,0.09184994826086801,1.4428,2.033231711125001,1055.1208729391324,Cubic,Si
mp-149,Si,0.0,0.6105,2.312800253345134,40.32952684741405,Cubic,Si
mp-556985,SiO2,0.053084267222223,5.6098,1.956224705325687,204.00995306334,Triclinic,"O, Si"
mp-556994,SiO2,0.08827776805555601,5.3836,2.320045639110383,172.01787050528444,Triclinic,"O, Si"
mp-557004,SiO2,0.020841848333333003,5.5806000000000004,1.790678150075335,668.6114592363509,Triclinic,"O, Si"
mp-557873,SiO2,0.06552297888889101,5.6607,2.033581162327374,196.24951180118808,Triclinic,"O, Si"
mp-733790,SiO2,0.006573497500003,5.5868,2.254998357567127,1061.8792044143463,Triclinic,"O, Si"
mp-560708,SiO2,0.015350694722222,5.819199999999999,1.770509671361885,1577.8649602376963,Monoclinic,"O, Si"
mp-1192532,SiH2,0.040251182833333,4.0154,0.9276544243991691,538.8269180190274,Monoclinic,"H, Si"
mp-557894,SiO2,0.021515728680556002,5.9287,1.645014779845564,1940.8424298889604,Monoclinic,"O, Si"
mp-559360,SiO2,0.017097599722223,5.7962,1.717090878852131,1394.5306514526337,Monoclinic,"O, Si"
mp-600001,SiO2,0.036622150222223,5.7968,1.6270879414514412,306.59783358024345,Tetragonal,"O, Si"
mp-558200,SiO2,0.07261927013889001,5.642899999999999,2.413310250887983,330.74016087901987,Tetragonal,"O, Si"
mp-600067,SiO2,0.033440892103175,5.8489,1.372429634637766,2035.532534198896,Tetragonal,"O, Si"
mp-639682,SiO2,0.034761362555556,5.7946,1.58982169377308,627.5692926413844,Tetragonal,"O, Si"
mp-644923,SiO2,0.016849102430557,5.72,1.699283382944712,2818.289033980328,Tetragonal,"O, Si"
mp-972825,SiH8,0.0015667763888880001,6.98,0.505053431237369,118.85249404650182,Tetragonal,"H, Si"
mp-1067235,BaSi,0.0007154024999990001,0.0,4.286153703730487,128.16802071979262,Monoclinic,"Ba, Si"
mp-1078181,SiBr3,0.004102783359373001,3.8434,3.067005002968582,289.9820575821661,Monoclinic,"Br, Si"
mp-1199998,SiO2,0.026448057397661002,5.5867,1.51396018465205,2504.259019772263,Monoclinic,"O, Si"
mp-1248957,SiO2,0.021579928680557,5.7415,1.630401858383801,1958.2377596671902,Monoclinic,"O, Si"
mp-1249637,SiO2,0.0200612146627,5.6978,1.529545904977355,3652.8817645982786,Monoclinic,"O, Si"
mp-13363,SiPt3,0.0451005675,0.0,17.069395348068234,119.3329768269781,Monoclinic,"Pt, Si"
mp-17279,SiO2,0.020339974513889,5.7151,1.6805139235541442,949.9220559167986,Monoclinic,"O, Si"
mp-18280,SiO2,0.015797593611113003,5.7361,1.709287612182695,700.448492349192,Monoclinic,"O, Si"
mp-1863,SiAs,0.0,1.451899999999999,3.5590785713465802,288.35662420758007,Monoclinic,"As, Si"
mp-558351,SiO2,0.020171367222223003,5.626799999999999,1.761935939556042,679.5184229264298,Monoclinic,"O, Si"
mp-558564,SiO2,0.06549976777777801,5.683,1.741105325539145,687.6481930085286,Monoclinic,"O, Si"
mp-615993,SiO2,0.017484032222222,5.5053,1.8140142435890492,770.0119175130222,Monoclinic,"O, Si"
mp-662706,SiO2,0.014375648769842,5.611800000000001,1.847296768491363,1512.2774098096618,Monoclinic,"O, Si"
mp-667383,SiO2,0.014114933531747,5.5383,1.744532123123708,1601.3606944661433,Monoclinic,"O, Si"
mp-680204,SiO2,0.013950562373739001,5.6096,2.020047510623644,1086.6037532225982,Monoclinic,"O, Si"
mp-557930,SiO2,0.031989362638890004,5.8743,2.311617456409678,345.2900991106816,Tetragonal,"O, Si"
mp-560131,SiO2,0.097420526805557,5.7724,1.851093610886656,431.1930071690753,Tetragonal,"O, Si"
mp-546794,SiO2,0.005647450555557001,5.689599999999999,2.223612886125405,89.73893630609501,Tetragonal,"O, Si"
mp-7583,SiS2,0.01953703,3.2415,2.28489591718836,134.03449946593685,Tetragonal,"S, Si"
mp-568348,P,0.0,1.8454000000000002,2.2326143190074212,1935.1232668474006,Monoclinic,P
mp-1198724,P,0.002171018690477,1.9259,2.148363034856064,1005.506016560507,Triclinic,P
mp-1014013,P,0.053987197023809004,0.8832000000000001,0.388033321298891,530.1930428902824,Orthorhombic,P
mp-1094075,P,0.08636613702381,1.305899999999999,0.759669675034456,677.0461363781266,Monoclinic,P
mp-157,P,0.020214559523809003,0.010399999999999,2.514125107150334,81.83068009510166,Orthorhombic,P
mp-7245,P,0.093512971666665,0.0,3.251663918351236,31.63496790077238,Orthorhombic,P
mp-696588,PH3,0.029298753541667003,0.0,0.5707185863796971,395.6718034297767,Triclinic,"H, P"
mp-7526,SnP,0.010658192499999001,0.0,5.551903769637845,44.76946012572369,Tetragonal,"P, Sn"
mp-1067587,TaP,0.0,0.0,11.16717678534869,63.0247326362231,Tetragonal,"P, Ta"
mp-9339,NbP,0.0,0.11620000000000001,6.387205680425864,64.41246005193307,Tetragonal,"Nb, P"
mp-1095275,GeP,0.0,0.48890000000000006,3.814043347529472,270.6650406842001,Monoclinic,"Ge, P"
mp-1228799,AsP,0.059072495833333,0.45819999999999905,3.811700291702115,92.26506394301332,Monoclinic,"As, P"
mp-569410,PCl5,0.0,1.7516,2.194878120865734,472.63025157637736,Monoclinic,"Cl, P"
mp-10004,Mo3P,0.0,0.0,9.144741152243927,231.5514401889818,Tetragonal,"Mo, P"
mp-1209828,PW3,0.057999603124997,0.0,16.292981251791442,237.4651103819201,Tetragonal,"P, W"
mp-567846,Ta3P,0.000187033750002,0.0,14.919586518568671,510.92365699546446,Tetragonal,"P, Ta"
mp-1618,PPd6,0.0,0.0,10.540980316328554,421.86609339318716,Monoclinic,"P, Pd"
mp-28885,PSe,0.0,2.2667,3.169265900767657,921.5979334272434,Monoclinic,"P, Se"
mp-9588,LiP,0.0,0.8094999999999991,2.026625484183503,248.52719555021827,Monoclinic,"Li, P"
mp-562065,PO2,0.021671800857143,4.5183,2.499574783534377,334.6758017042621,Monoclinic,"O, P"
mp-612,PS,0.026489451484373,2.4974,2.065305843722483,405.47341626624575,Monoclinic,"P, S"
mp-1228795,AsP,0.08308660583333301,0.0,4.494692209277933,39.12245319262876,Trigonal,"As, P"
mp-1218948,SnP,0.024516257500000003,0.0,4.888076654824982,101.69878747351851,Trigonal,"P, Sn"
mp-7540,Cu3P,0.059430067187498006,0.0,7.392194051428752,99.56312993378084,Trigonal,"Cu, P"
mp-14012,Cu3P,0.026024493854166,0.0,7.492538115855721,294.6891822734753,Trigonal,"Cu, P"
mp-359,Cu3P,0.068513934062499,0.0,7.367040864827103,299.70920088905825,Trigonal,"Cu, P"
mp-28395,B6P,0.0,2.4757,2.6073925513727563,122.07265749137633,Trigonal,"B, P"
mp-27529,PI3,0.0,2.2746,3.905252359286758,350.1042029708565,Hexagonal,"I, P"
mp-7463,Cu3P,0.025262583854166003,0.0,7.509347797265637,294.02952028914564,Hexagonal,"Cu, P"
mp-1008559,BP,0.014076364999999001,1.0624,2.979764368566962,46.57095065738511,Hexagonal,"B, P"
mp-8880,AlP,0.004434354999999,1.9532999999999991,2.347986071086355,81.97411556050663,Hexagonal,"Al, P"
mp-8882,GaP,0.008458759999999,1.3002,4.131501206922352,80.94438258953409,Hexagonal,"Ga, P"
mp-966800,InP,0.003933715000002,0.527999999999999,4.704869604456656,102.91163698144938,Hexagonal,"In, P"
mp-1185593,Mg149P,0.0160183942,0.000299999999999,1.7656751270282771,3434.937689863417,Hexagonal,"Mg, P"
mp-1187244,TaP,0.0032522499999990003,0.0,11.12875949461362,31.621149308630745,Hexagonal,"P, Ta"
mp-219,MoP,0.0,0.0,7.308129077004535,28.837101489257634,Hexagonal,"Mo, P"
mp-13446,Co2P,0.021158108611109002,0.0,7.824430474983884,94.76276434363403,Hexagonal,"Co, P"
mp-1345,CaP,0.0,0.34430000000000005,2.438949924979277,290.25005887179367,Hexagonal,"Ca, P"
mp-1849,Mn2P,0.0,0.0,6.7747396077434665,103.57003898873002,Hexagonal,"Mn, P"
mp-21167,Ni2P,0.0022342603140080002,0.0,7.553723583612449,97.84254338278858,Hexagonal,"Ni, P"
mp-96,S,0.0009478456250010001,2.748,1.8948374962445031,899.2042490263103,Monoclinic,S
mp-556269,S,0.031339838715279004,2.3783,1.951096882146262,1964.8708235426507,Monoclinic,S
mp-557488,S,0.012285684965277,2.4187,1.9296226153023,993.3686792517286,Monoclinic,S
mp-557559,S,0.030134763973215004,2.496299999999999,1.9967415772703832,746.6490425344975,Monoclinic,S
mp-583072,S,0.026070752379808004,2.4672,1.891140539338963,2928.126783960359,Monoclinic,S
mp-83,S,0.028929664687501,2.5729,1.9954031316039922,1494.2997364741343,Monoclinic,S
mp-7,S,0.051236192187499,2.1651,2.090794644321832,152.79889506945906,Trigonal,S
mp-557031,S,0.0336984834375,2.0442,1.9948892690195832,854.1055156784778,Monoclinic,S
mp-557376,S,0.026719425187501002,2.1627,1.928605736673433,552.1624687973816,Monoclinic,S
mp-555760,S,0.029379828298612003,2.2718,2.054793093048255,233.2140733904172,Trigonal,S
mp-555915,S,0.013625012604167002,2.574799999999999,1.950386762598011,1965.586216616651,Orthorhombic,S
mp-561513,S,0.018545667901785003,2.4646,1.866915008707064,798.5715364141056,Triclinic,S
mp-561370,S,0.027740434687499003,2.4117,1.888966053151486,2480.4978859920143,Orthorhombic,S
mp-1196831,S,0.010508632,2.3162000000000003,1.650829825410852,2580.2870495954758,Monoclinic,S
mp-1977409,S,0.0063238905625,2.5977,1.930321848917389,2206.6863212383805,Monoclinic,S
mp-557869,S,0.0003716303125,2.3843,1.8882349578149422,1353.5227071072102,Monoclinic,S
mp-666931,S,0.020726370312500002,2.603399999999999,1.4696555619989131,1159.350511707649,Monoclinic,S
mp-558014,S,0.010299026770834,2.1763,1.9221986817008632,664.8035179939542,Orthorhombic,S
mp-558964,S,0.013946019062501001,2.5982000000000003,1.8680217915497672,2280.281118166013,Orthorhombic,S
mp-77,S,0.0,2.5807,1.9196195297959862,887.5956414230244,Orthorhombic,S
mp-994911,S,0.042196687187500005,3.3265000000000002,0.07355403342831901,5791.136965649507,Tetragonal,S
mp-1195198,H3S,0.010304153125000002,4.3472,1.041383987350392,447.6070853299238,Triclinic,"H, S"
mp-32868,Ag2S,0.057333213888888006,0.6242999999999991,6.338404497074927,194.75748462317284,Triclinic,"Ag, S"
mp-33024,H2S,0.008091198749999001,4.0901,1.228520214773911,184.26276420537872,Triclinic,"H, S"
mp-723352,Li2S,0.08199014303030401,1.9206999999999992,1.6511715701994891,508.2843531047319,Triclinic,"Li, S"
mp-1078696,PbS,0.0826696325,0.7479999999999991,6.490216639031639,244.8663284246417,Monoclinic,"Pb, S"
mp-1087486,PbS,0.081897287499999,1.223799999999999,6.288228057126069,252.73185142819543,Monoclinic,"Pb, S"
mp-2025704,Ag2S,0.013338436666664,1.0891,6.046580348456434,136.10466800899007,Monoclinic,"Ag, S"
mp-556225,Ag2S,2.027000000026646e-05,1.0853,6.697040973874489,122.88528831267233,Monoclinic,"Ag, S"
mp-7819,Pd4S,0.002573407999999,0.0,10.165853472077288,149.54050973262704,Tetragonal,"Pd, S"
mp-1225993,Cu2S,0.061917154375001004,1.2158,3.478881184761393,151.93759268382877,Monoclinic,"Cu, S"
mp-2014814,Cu2S,0.07254491645833201,0.9229,4.432904368398873,119.23849208518529,Monoclinic,"Cu, S"
mp-726184,PbS,0.05897291999999801,1.719399999999999,2.699717198511583,294.3337027960518,Monoclinic,"Pb, S"
mp-727323,PbS,0.05804191749999801,1.654,3.9970786431028253,198.79963105335787,Monoclinic,"Pb, S"
mp-975,SF6,0.0,5.9124,2.8028887884988443,259.5865349336243,Monoclinic,"F, S"
mp-7945,V3S,0.012825134375001001,0.0,6.122752172541642,200.57400927053615,Tetragonal,"S, V"
mp-2350391,PbS,0.059099277499999006,1.6745,3.893559459289583,204.085173951622,Tetragonal,"Pb, S"
mp-2766207,Ag2S,0.013546961666666002,0.6684999999999991,6.087581006200281,135.18798519118562,Tetragonal,"Ag, S"
mp-1217152,Ti2O,0.06440852000000001,0.0,4.970669312336571,111.97949255056866,Monoclinic,"O, Ti"
mp-32959,H2O,0.025225045,5.275399999999999,1.647356170145688,36.318892997003836,Tetragonal,"H, O"
mp-530033,B8O,0.022155400370371003,2.4459,2.542099350741202,401.6782384637485,Monoclinic,"B, O"
mp-556859,HgO,0.0005084643749990001,1.214,9.877796448579687,291.2837185772689,Monoclinic,"Hg, O"
mp-1203,TiO,0.05257314800000001,0.0,4.934842399291236,107.45292722857165,Monoclinic,"O, Ti"
mp-1218065,Ta6O,0.03125975427619,0.0,15.785084753384506,231.7876400252598,Monoclinic,"O, Ta"
mp-1287184,VO,0.026801248958333003,1.9785,5.594731491792294,79.47332576473944,Monoclinic,"O, V"
mp-1975297,Na2O,0.09812461166666701,1.6666999999999992,2.1778206941990232,94.51508033072895,Monoclinic,"Na, O"
mp-551470,Tl2O,4.3133333335276816e-05,0.5194000000000001,9.872476803873909,142.89029008133875,Monoclinic,"O, Tl"
mp-758933,B8O,0.025976052222222,2.3536,2.533458900688488,403.0481761231931,Monoclinic,"B, O"
mp-998914,K2O,0.041150101666666,0.8801,2.149151487134136,145.56083093478628,Monoclinic,"K, O"
mp-1219175,Sm2O,0.098146226805553,0.0,8.371442854907846,62.82369072635824,Tetragonal,"O, Sm"
mp-1273331,VO,0.06256706520833201,0.8225,5.163733621982276,86.10667221884472,Tetragonal,"O, V"
mp-19921,PbO,0.0,1.4635999999999991,8.81022542720316,84.13662656060738,Tetragonal,"O, Pb"
mp-2097,SnO,0.0,0.4096,6.294342860686033,71.07659251782975,Tetragonal,"O, Sn"
mp-1336,PdO,0.0,0.0,8.117605863761803,50.08427352138736,Tetragonal,"O, Pd"
mp-2803876,AgO,0.0,0.0,6.730482161807199,61.1210263814898,Tetragonal,"Ag, O"
mp-755073,CrO,0.005067494166667,0.0,4.800886276421006,94.07361691322753,Tetragonal,"Cr, O"
mp-1974672,K2O,0.071530355,1.390399999999999,2.267417016147211,551.8742675814266,Tetragonal,"K, O"
mp-7599,BeO,0.015346631250000001,7.0846,2.912878239417336,57.033223656855846,Tetragonal,"Be, O"
mp-776104,K2O,0.051067390416667004,1.169,2.1409947642857032,584.4615437466448,Tetragonal,"K, O"
mp-1079720,AgO,0.042348117499999005,0.115999999999999,7.621574678691285,107.94986472338863,Monoclinic,"Ag, O"
mp-755459,Rb2O,0.018086263333333002,0.30669999999999903,3.343797460654141,185.66487597855013,Monoclinic,"O, Rb"
mp-33104,Sm2O,0.071468046805553,0.0,7.975357339320386,131.88749155029794,Tetragonal,"O, Sm"
mp-697085,H2O,0.020459285,5.2923,1.639998997223998,72.96364518850183,Tetragonal,"H, O"
mp-936219,K2O,0.039456189999999,0.110999999999999,1.7791752852849272,175.829935846865,Tetragonal,"K, O"
mp-776922,Rb2O,0.0025751122222210003,0.19210000000000002,2.9755505188420552,312.9634685574108,Trigonal,"O, Rb"
mp-776952,Na2O,0.07951855111111,1.5089000000000001,2.505816977035073,123.21544215593173,Trigonal,"Na, O"
mp-998929,K2O,0.059394456666666005,1.853399999999999,2.671810555265089,175.62937367818262,Trigonal,"K, O"
mp-1215377,Zr4O,0.0,0.0,6.611601408616027,286.99175263227033,Trigonal,"O, Zr"
mp-24043,H2O,0.005572493055555,5.4391,1.321090483136175,271.7307553201476,Trigonal,"H, O"
mp-557812,Ti3O,0.004301608958332001,0.0,4.890996522584021,325.1149715865706,Trigonal,"O, Ti"
mp-753629,Zr2O,0.008804855277775001,0.0,6.854541899733948,288.44786290793894,Trigonal,"O, Zr"
mp-1065190,AgO,0.0055116425,0.0,7.138368094620301,57.62857453119974,Monoclinic,"Ag, O"
mp-557835,TlF,0.0030339337500000004,2.9859,8.759631974416461,84.69169618326497,Tetragonal,"F, Tl"
mp-706,HgF,0.0,1.7704,9.86323787350034,73.9382192262809,Tetragonal,"F, Hg"
mp-29504,ClF,0.07123128770833201,2.0897,2.430961145713511,148.7784901938438,Monoclinic,"Cl, F"
mp-1391,Ag2F,0.0,0.0,8.762918242663323,44.481336035584704,Trigonal,"Ag, F"
mp-1185301,LiF,0.024405554999999003,0.0,2.208489907016897,39.00709914139489,Hexagonal,"F, Li"
mp-2064,RbF,0.051583325000001005,5.905,4.530668967511548,38.28799075741165,Cubic,"F, Rb"
mp-1138,LiF,0.0,8.7161,2.5304317804069383,17.02215120415618,Cubic,"F, Li"
mp-11718,RbF,0.0,5.5244,3.883571764177565,44.66769821355681,Cubic,"F, Rb"
mp-1784,CsF,0.0,5.2626,4.642591754438939,54.33221336326164,Cubic,"Cs, F"
mp-2175,TlF,0.05713117125000201,2.211699999999999,8.687402870625727,42.697921398519064,Cubic,"F, Tl"
mp-463,KF,0.0,5.949400000000001,2.5790805387069122,37.40551869412881,Cubic,"F, K"
mp-682,NaF,0.0,6.204,2.918620456906104,23.889026260060266,Cubic,"F, Na"
mp-7592,AgF,0.0,0.0,7.067923081136195,29.806061616982827,Cubic,"Ag, F"
mp-632296,HF,0.030579284999999002,6.8835000000000015,1.721541337771706,38.59484955081889,Orthorhombic,"F, H"
mp-558134,TlF,0.0060649262499970005,3.1435,7.921891020860189,93.64785351136244,Orthorhombic,"F, Tl"
mp-720,TlF,0.0,3.205,8.620321740484021,172.12074263317166,Orthorhombic,"F, Tl"
mp-1536913,HF,0.0,6.9765999999999995,1.947792991229329,34.11175069732638,Orthorhombic,"F, H"
mp-2216570,MnOF,0.05714559277775601,0.14400000000000002,4.37045565218281,273.366442877541,Triclinic,"F, Mn, O"
mp-662619,InOF,0.014839850833334,1.434,6.288036462629004,158.25289531075356,Triclinic,"F, In, O"
mp-752592,Mn3O5F,0.071629846851831,0.0,4.679248912329929,187.23776081605357,Triclinic,"F, Mn, O"
mp-752784,MnOF,0.07619165194442301,0.055600000000000004,4.310780529118455,277.1507172125923,Triclinic,"F, Mn, O"
mp-752996,MnOF,0.08473115736109,0.0,4.396452888128701,271.74996429901097,Triclinic,"F, Mn, O"
mp-753016,V3O5F,0.098305421388875,0.9374000000000001,3.9548741204871263,105.7320092300499,Triclinic,"F, O, V"
mp-754260,V6O11F,0.05259105624998701,0.575499999999999,4.631514505636254,179.49498183281577,Triclinic,"F, O, V"
mp-754441,Mn2O3F,0.078670429166642,0.0,4.643943788052083,252.9780981664735,Triclinic,"F, Mn, O"
mp-754683,VO2F,0.023428217291664003,1.704899999999999,3.376376132358767,300.8074795456275,Triclinic,"F, O, V"
mp-755093,V2O3F,0.036632643333332,0.747599999999999,4.211684477229101,266.33636036287703,Triclinic,"F, O, V"
mp-755126,Mn6O11F,0.06454943745370101,0.0,4.818552232740203,180.79125940609487,Triclinic,"F, Mn, O"
mp-759986,V3O5F,0.06362286916665201,0.25619999999999904,4.307121396245567,194.16995647047668,Triclinic,"F, O, V"
mp-760369,MnOF,0.07238713902775701,0.0,4.658949464305623,256.43890850173096,Triclinic,"F, Mn, O"
mp-760929,MnOF,0.07536727236109,0.027599999999999004,4.375736174826293,273.03655148694753,Triclinic,"F, Mn, O"
mp-760933,VO2F,0.030711798541664004,1.6182,3.40837553815659,297.98335981549735,Triclinic,"F, O, V"
mp-760945,MnOF,0.08385255611108901,0.1645,4.44825710769955,268.5851753765026,Triclinic,"F, Mn, O"
mp-762980,VO2F,0.038947157291664,1.6307,3.227988634823726,314.63530677155455,Triclinic,"F, O, V"
mp-763211,V3O5F,0.065240656944428,0.23769999999999902,4.302327161977191,194.38632687285497,Triclinic,"F, O, V"
mp-764002,VO2F,0.045330423124997,1.5828,3.320164412347311,305.9002712624136,Triclinic,"F, O, V"
mp-766870,Mn5O9F,0.08484225466664301,0.0,3.971451109077107,183.00366270670153,Triclinic,"F, Mn, O"
mp-776095,Mn3O5F,0.07616730962960801,0.0,4.697448328862082,186.51234187345406,Triclinic,"F, Mn, O"
mp-776518,Mn4O7F,0.08081694798609801,0.0,4.77490779500251,243.95364131715036,Triclinic,"F, Mn, O"
mp-777061,MnOF,0.079619410694423,0.058800000000000005,4.412477621154481,270.7630537690223,Triclinic,"F, Mn, O"
mp-2037040,HCl,0.027304434999999003,5.1152,1.4834605528995342,40.8132290114619,Tetragonal,"Cl, H"
mp-570687,AgCl,0.01127005,0.8720000000000001,5.433843026115748,87.59563002765415,Monoclinic,"Ag, Cl"
mp-1120780,AuCl,0.010198831250001001,1.9497,7.317217863458515,210.9773312035387,Tetragonal,"Au, Cl"
mp-22897,HgCl,0.0,2.7243,6.920946901522058,113.267339996862,Tetragonal,"Cl, Hg"
mp-504825,SeCl,0.019181049570311002,2.1951,2.983023567574934,509.51593756627807,Monoclinic,"Cl, Se"
mp-567998,ICl,0.0,1.852199999999999,3.599104829594085,599.2621717471073,Monoclinic,"Cl, I"
mp-568024,ICl,0.0058881875,1.4968,3.721820123202364,579.5033895061734,Monoclinic,"Cl, I"
mp-619575,ClF3,0.0,2.5175,2.497464466586691,491.74309619014207,Monoclinic,"Cl, F"
mp-32780,AuCl,0.0,1.674399999999999,7.497045788439865,205.9167224305555,Tetragonal,"Au, Cl"
mp-1225654,CuCl,0.004516119999999,0.5569000000000001,4.207638995500521,39.06982210929388,Trigonal,"Cl, Cu"
mp-1067974,ZrCl,0.07851782,0.0,4.531606037129365,92.83777345876247,Trigonal,"Cl, Zr"
mp-27440,ZrCl,0.0,0.0,4.519365844280167,93.08921410109588,Trigonal,"Cl, Zr"
mp-27507,ScCl,0.021389462749999002,0.0,2.547098788059759,104.84252931588209,Trigonal,"Cl, Sc"
mp-27923,TbCl,0.071820185833335,0.0,5.449802189193032,118.453049366198,Trigonal,"Cl, Tb"
mp-540884,YCl,0.037110218333332,0.0,3.6192902255659503,114.11227938768486,Trigonal,"Cl, Y"
mp-568342,TbCl,0.072723243333335,0.0,5.505834354316715,117.24756798147621,Trigonal,"Cl, Tb"
mp-1184046,CuCl,0.018927194999999,0.5736,4.271258036437935,76.97577886979161,Hexagonal,"Cl, Cu"
mp-1185319,LiCl,0.0038527562499990004,5.7373,1.660108131603423,84.81000959835224,Hexagonal,"Cl, Li"
mp-864928,BrCl,0.096000367499999,1.3235000000000001,2.401656937346041,159.51887392997472,Hexagonal,"Br, Cl"
mp-1185584,Mg149Cl,0.019863973783332,0.0,1.801353180787078,3371.033545682663,Hexagonal,"Cl, Mg"
mp-23256,BCl,0.09947819928819401,0.9052000000000001,1.502002848545427,1636.7091064111823,Orthorhombic,"B, Cl"
mp-1120767,NaCl,0.058770640000000006,4.3847000000000005,2.049684089998776,284.0823192964595,Hexagonal,"Cl, Na"
mp-23276,InCl,0.0,2.2049,4.257002267367651,1875.7302000224524,Cubic,"Cl, In"
mp-1199460,BCl,0.011412763194443001,0.0,1.8434931388811342,2000.2855081645732,Cubic,"B, Cl"
mp-23287,CuCl,0.039558421249999004,0.451,4.763668616212739,276.07580677604693,Cubic,"Cl, Cu"
mp-22914,CuCl,0.018326194999998,0.5646,4.2800346894792884,38.40896604376199,Cubic,"Cl, Cu"
mp-22865,CsCl,0.0,4.988399999999999,3.92934015987069,71.14827813264381,Cubic,"Cl, Cs"
mp-23167,TlCl,0.001307087499998,2.1732,7.04741623526128,56.51114287050939,Cubic,"Cl, Tl"
mp-23289,KCl,0.07764382,4.8004999999999995,2.187678330748572,56.587545058992596,Cubic,"Cl, K"
mp-23299,RbCl,0.029774040000001,4.7794,3.293021768961322,60.97551928053581,Cubic,"Cl, Rb"
mp-22862,NaCl,0.0,5.0037,2.224545046937431,43.625325465502776,Cubic,"Cl, Na"
mp-22905,LiCl,0.0204618825,6.25,2.142565740411992,131.42540639011227,Cubic,"Cl, Li"
mp-22922,AgCl,0.0,0.9522,5.582622712233539,42.630581348524416,Cubic,"Ag, Cl"
mp-23193,KCl,0.0,5.027,1.995763838602472,62.02905560334427,Cubic,"Cl, K"
mp-23295,RbCl,0.0,4.8388,2.771692542119795,72.44443938610804,Cubic,"Cl, Rb"
mp-569639,TlCl,0.0062336574999970005,2.5369,5.966892116347531,66.744552771063,Cubic,"Cl, Tl"
mp-573697,CsCl,0.007141250000000001,4.8482,3.242004517941188,86.23238648346586,Cubic,"Cl, Cs"
mp-1066781,BrCl,0.0,1.783,2.419080471638261,158.36993217183098,Orthorhombic,"Br, Cl"
mp-1213763,ClF5,0.0,3.086799999999999,2.618869227085088,165.42181096408316,Orthorhombic,"Cl, F"
