material_id,formula,energy_above_hull,band_gap,density,volume,crystal_system,elements,avg_atomic_number,avg_electronegativity,avg_atomic_radius,avg_atomic_mass,num_elements
mp-1018134,Li,0.0,0.0,0.5649380290750841,61.205660097660434,Trigonal,Li,3.0,0.98,145.0,6.94,1
mp-1063005,Li,0.015670883333333,0.0,0.5643236945722541,61.27228985134278,Hexagonal,Li,3.0,0.98,145.0,6.94,1
mp-10173,Li,0.005987748333333,0.0,0.573292417154018,40.20915440845307,Hexagonal,Li,3.0,0.98,145.0,6.94,1
mp-976411,Li,0.005889090833333,0.0,0.5659385321116011,81.46327565480371,Hexagonal,Li,3.0,0.98,145.0,6.94,1
mp-567337,Li,0.008819463333333,0.0,0.570042740991187,161.75350839454015,Cubic,Li,3.0,0.98,145.0,6.94,1
mp-51,Li,0.001672373333333,0.0,0.5664547498885351,20.347259270998425,Cubic,Li,3.0,0.98,145.0,6.94,1
mp-135,Li,0.009650863333333,0.0,0.5666126169854631,20.34159020777027,Cubic,Li,3.0,0.98,145.0,6.94,1
mp-1103107,Li,0.0553794725,0.0,0.570192381038717,242.5665872337491,Orthorhombic,Li,3.0,0.98,145.0,6.94,1
mp-1232999,LiO8,0.016817863333333,0.152099999999999,1.985847494723534,112.83184242189002,Triclinic,"Li, O",5.5,2.21,102.5,11.4695,2
mp-1236127,LiO8,0.015707888888889,0.088899999999999,1.902559815234679,117.77124156851406,Triclinic,"Li, O",5.5,2.21,102.5,11.4695,2
mp-995393,LiS4,0.0,2.1989,0.212291455515833,2115.078462404796,Triclinic,"Li, S",9.5,1.78,122.5,19.5,2
mp-569073,LiSn,0.0,0.0,5.092956930678413,122.90407935742938,Monoclinic,"Li, Sn",26.5,1.47,145.0,62.824999999999996,2
mp-1094568,LiMg,0.0208931975,0.0,1.238128792846922,83.812288309167,Monoclinic,"Li, Mg",7.5,1.145,147.5,15.6225,2
mp-1094600,LiMg2,0.027992521666666,0.0,1.4291499274841262,129.09017299687213,Monoclinic,"Li, Mg",7.5,1.145,147.5,15.6225,2
mp-1235252,LiO8,0.009239624444445,0.0,1.9977602742550664,112.1590185199282,Monoclinic,"Li, O",5.5,2.21,102.5,11.4695,2
mp-1236522,LiO8,0.070062674444444,0.2727,1.777777671752737,126.03760029095204,Monoclinic,"Li, O",5.5,2.21,102.5,11.4695,2
mp-2659,LiN3,0.0,3.6364,1.931723590704999,42.087708451102685,Monoclinic,"Li, N",5.0,2.01,105.0,10.4735,2
mp-973455,LiMg2,0.010646323333333,0.0,1.485496552120324,124.19363149248812,Monoclinic,"Li, Mg",7.5,1.145,147.5,15.6225,2
mp-976262,LiMg,0.011205559166666,0.0,1.273734740890411,122.20410265024168,Monoclinic,"Li, Mg",7.5,1.145,147.5,15.6225,2
mp-1094673,LiMg,0.000700420000001,0.0,1.279761773169139,40.54286099396268,Tetragonal,"Li, Mg",7.5,1.145,147.5,15.6225,2
mp-22902,LiBi,0.003396496666663,0.0,7.527518229473442,47.6313585812526,Tetragonal,"Bi, Li",43.0,1.44,152.5,107.9602,2
mp-1222413,LiB3,0.0,0.091899999999999,1.78034894226488,146.8971922439705,Tetragonal,"B, Li",4.0,1.51,115.0,8.875,2
mp-1094567,LiMg3,0.028311948333333,0.0,1.512301101929622,87.68360185231192,Tetragonal,"Li, Mg",7.5,1.145,147.5,15.6225,2
mp-1185253,LiTl3,0.046669947499999,0.0,9.85299574839074,104.504781143474,Tetragonal,"Li, Tl",42.0,1.3900000000000001,167.5,105.66,2
mp-1185266,LiNi3,0.062328318333333,0.0,7.242594201128479,41.96201584353002,Tetragonal,"Li, Ni",15.5,1.4449999999999998,140.0,32.8167,2
mp-1185275,LiPb3,0.020380532500002,0.0,9.339186229763522,111.75672695481288,Tetragonal,"Li, Pb",42.5,1.3900000000000001,162.5,107.07,2
mp-1185332,LiGa3,0.095828552750001,0.0,5.567849324715847,64.4520131121257,Tetragonal,"Ga, Li",17.0,1.395,137.5,38.3315,2
mp-1185337,LiHg3,0.01292895625,0.0,11.467979488473103,88.14005961426192,Tetragonal,"Hg, Li",41.5,1.44,147.5,103.766,2
mp-1185411,LiEu3,0.096557981666666,0.0,4.96072722806257,154.92734078665288,Tetragonal,"Eu, Li",33.0,0.49,165.0,79.452,2
mp-1185455,LiRh3,0.068323267499998,0.0,9.568696944553352,54.77878685599404,Tetragonal,"Li, Rh",24.0,1.63,140.0,54.92275,2
mp-1185461,LiSn3,0.033758912499999,0.0,6.137243419841,98.23523986362396,Tetragonal,"Li, Sn",26.5,1.47,145.0,62.824999999999996,2
mp-862658,LiCu3,0.0,0.0,7.085672707099158,46.30296399536622,Tetragonal,"Cu, Li",16.0,1.44,140.0,35.243,2
mp-862716,LiAg3,0.0,0.0,8.287157330778992,66.23307126729085,Tetragonal,"Ag, Li",25.0,1.455,152.5,57.4041,2
mp-865939,LiMg2,0.0,0.0,1.49661688061598,61.63541710870612,Tetragonal,"Li, Mg",7.5,1.145,147.5,15.6225,2
mp-972285,Sr3Li,0.094700251666667,0.0,2.343892916688241,191.14145425242415,Tetragonal,"Li, Sr",20.5,0.965,172.5,47.28,2
mp-973748,LiIn3,0.014984695000002,0.0,6.341089116674805,92.0197011225558,Tetragonal,"In, Li",26.0,1.38,150.0,60.879,2
mp-975906,LiAl3,0.026654015,0.0,2.285029235514105,63.866797045712175,Tetragonal,"Al, Li",8.0,1.295,135.0,16.96076925,2
mp-975909,LiAu3,0.004237167500001,0.0,15.100247536063932,65.74315071367589,Tetragonal,"Au, Li",41.0,1.69,140.0,101.9532845,2
mp-976272,LiCa3,0.07740214875,0.0,1.405400504088731,150.26254450633243,Tetragonal,"Ca, Li",11.5,0.99,162.5,23.509,2
mp-7943,LiAs,0.0,0.3285,3.784026537081356,287.3892010245731,Monoclinic,"As, Li",18.0,1.58,130.0,40.9307975,2
mp-974920,Na,0.012510683448275,0.0,1.030260057844173,37.05414937154716,Tetragonal,Na,11.0,0.93,180.0,22.98976928,1
mp-973198,Na,0.004727346666666,0.0,1.030318807132385,111.15610957684376,Trigonal,Na,11.0,0.93,180.0,22.98976928,1
mp-10172,Na,0.0,0.0,1.033494165918581,73.87639201807406,Hexagonal,Na,11.0,0.93,180.0,22.98976928,1
mp-982370,Na,0.01121293,0.0,1.02710536919743,148.671835314138,Hexagonal,Na,11.0,0.93,180.0,22.98976928,1
mp-1186055,Na,0.0263165645,0.0,1.000853213096242,762.8573216405483,Cubic,Na,11.0,0.93,180.0,22.98976928,1
mp-1186081,Na,0.019195485172413,0.0,1.006686925441565,1099.7330591995158,Cubic,Na,11.0,0.93,180.0,22.98976928,1
mp-1525464,Na,0.014505351249999,0.0,1.015385754013623,300.7756208829742,Cubic,Na,11.0,0.93,180.0,22.98976928,1
mp-567772,Na,0.020555261249999,0.0,1.006618567252059,303.3952388071747,Cubic,Na,11.0,0.93,180.0,22.98976928,1
mp-1186040,Na,0.02365727875,0.0,1.016935717645674,300.3171934074839,Cubic,Na,11.0,0.93,180.0,22.98976928,1
mp-974558,Na,0.008802479999999,0.0,1.016804520724181,37.54449286644378,Cubic,Na,11.0,0.93,180.0,22.98976928,1
mp-127,Na,0.015772269999999,0.0,1.024636726390733,37.25750706727941,Cubic,Na,11.0,0.93,180.0,22.98976928,1
mp-1079952,Na,0.086311797198275,0.0,0.9592318243653052,318.38318208557206,Orthorhombic,Na,11.0,0.93,180.0,22.98976928,1
mp-1545923,Na,0.0066270775,0.0,1.014423193825449,301.06101916644946,Orthorhombic,Na,11.0,0.93,180.0,22.98976928,1
mp-2018774,Na,0.01088432,0.0,1.012528815046613,150.81214285497376,Orthorhombic,Na,11.0,0.93,180.0,22.98976928,1
mp-31284,NaSn5,0.022532833333333,0.0,5.695061538475,359.5354909110029,Tetragonal,"Na, Sn",30.5,1.445,162.5,70.84988464,2
mp-570538,NaN3,0.0,3.9442,1.921670516506478,56.17582560462735,Monoclinic,"N, Na",9.0,1.985,122.5,18.49838464,2
mp-583168,NaSn2,0.0,0.0,4.886661814469602,707.9198219665092,Monoclinic,"Na, Sn",30.5,1.445,162.5,70.84988464,2
mp-12180,NaS2,0.0,2.0185,2.162325110475751,535.223051008419,Tetragonal,"Na, S",13.5,1.7550000000000001,140.0,27.524884640000003,2
mp-15514,NaSe2,0.0,1.1815,3.775833329419609,636.4851691485202,Tetragonal,"Na, Se",22.5,1.74,147.5,50.980384640000004,2
mp-22924,NaBi,0.0,0.0,6.825293767530593,56.43647606901757,Tetragonal,"Bi, Na",47.0,1.415,170.0,115.98508464,2
mp-1238787,NaO2,0.065687235,0.0,2.12868814827235,85.79055387475346,Tetragonal,"Na, O",9.5,2.185,120.0,19.49438464,2
mp-1183356,Ba3Na,0.075012718541666,0.0,3.065818983012419,235.59315120059364,Tetragonal,"Ba, Na",33.5,0.91,197.5,80.15838464,2
mp-1186109,NaAu3,0.091739266250002,0.0,13.728449386316033,74.2536487007512,Tetragonal,"Au, Na",45.0,1.665,157.5,109.97816913999999,2
mp-1186127,NaCd3,0.0,0.0,6.765046491725234,88.41978865924001,Tetragonal,"Cd, Na",29.5,1.31,167.5,67.70188464,2
mp-1186132,NaCa3,0.081487712499999,0.0,1.408077519308356,168.90310433474266,Tetragonal,"Ca, Na",15.5,0.9650000000000001,180.0,31.533884640000004,2
mp-1186151,NaLi3,0.043194687499999,0.0,0.729616427989859,99.71378413971716,Tetragonal,"Li, Na",7.0,0.9550000000000001,162.5,14.964884640000001,2
mp-1186158,NaIn3,0.009501042499998,0.0,6.02810591243865,101.21831675338976,Tetragonal,"In, Na",30.0,1.355,167.5,68.90388464,2
mp-1186172,NaEu3,0.099302565862068,0.0,4.479561741192569,177.5177868092662,Tetragonal,"Eu, Na",37.0,0.465,182.5,87.47688464,2
mp-1186189,NaTl3,0.0,0.0,9.4030524179055,112.3395601455914,Tetragonal,"Na, Tl",46.0,1.365,185.0,113.68488463999999,2
mp-454,NaGa4,0.0,0.0,5.124197298645112,97.82731658601683,Tetragonal,"Ga, Na",21.0,1.37,155.0,46.35638464,2
mp-973174,NaAg3,0.072140847083332,0.0,7.442921382900342,77.32628907988736,Tetragonal,"Ag, Na",29.0,1.43,170.0,65.42898464,2
mp-974862,Rb3Na,0.056405154030171,0.0,1.502870152588959,308.7048283788206,Tetragonal,"Na, Rb",24.0,0.875,207.5,54.22878464,2
mp-976971,NaPd3,0.000252915000004,0.0,9.03658126774107,62.8909424466829,Tetragonal,"Na, Pd",28.5,1.5650000000000002,160.0,64.70488464,2
mp-1106381,NaAs,0.0,0.5734,3.495268713941957,372.1273917629648,Monoclinic,"As, Na",22.0,1.5550000000000002,147.5,48.95568214,2
mp-1545216,NaO2,0.0,0.4836,2.33505871671538,156.41691059811396,Monoclinic,"Na, O",9.5,2.185,120.0,19.49438464,2
mp-29657,NaGe,0.0,0.665199999999999,3.188143796839254,796.9375432905721,Monoclinic,"Ge, Na",21.5,1.47,152.5,47.80988464,2
mp-7944,NaSb,0.0,0.6041000000000001,4.030017785940886,477.14458751880505,Monoclinic,"Na, Sb",31.0,1.49,162.5,72.37488464,2
mp-11051,NaSn,0.0,0.342899999999999,3.978693238379946,946.232296967758,Tetragonal,"Na, Sn",30.5,1.445,162.5,70.84988464,2
mp-1195785,NaP7,0.0,1.7429,2.091801571441959,1522.926106728392,Tetragonal,"Na, P",13.0,1.56,140.0,26.981765639000002,2
mp-30792,NaPb,0.0,0.1566,6.136807904283582,996.5809211118294,Tetragonal,"Na, Pb",46.5,1.365,180.0,115.09488463999999,2
mp-2739257,K,0.000127825,0.0,0.855521016031472,607.1084484990222,Tetragonal,K,19.0,0.82,220.0,39.0983,1
mp-1180961,K,0.07119881125,0.0,0.8274905480048621,156.9184197793768,Tetragonal,K,19.0,0.82,220.0,39.0983,1
mp-604325,K,0.073541117,0.0,0.8309874794774991,156.25808135754153,Monoclinic,K,19.0,0.82,220.0,39.0983,1
mp-1184764,K,0.00803126625,0.0,0.8434798582662051,230.9157259111092,Trigonal,K,19.0,0.82,220.0,39.0983,1
mp-1184755,K,0.008696316249999,0.0,0.8442967484979941,153.7948705905765,Hexagonal,K,19.0,0.82,220.0,39.0983,1
mp-604318,K,0.008703191249999,0.0,0.8400540512180451,309.14322474135633,Hexagonal,K,19.0,0.82,220.0,39.0983,1
mp-1199937,K,0.049798189098765,0.0,0.8433094593985121,6235.984386265815,Cubic,K,19.0,0.82,220.0,39.0983,1
mp-1184905,K,0.02097077575,0.0,0.868387443452124,1495.2831268391355,Cubic,K,19.0,0.82,220.0,39.0983,1
mp-1185201,K,0.016292821077587,0.0,0.8400567315518841,2241.2812281898478,Cubic,K,19.0,0.82,220.0,39.0983,1
mp-1184808,K,0.01347806125,0.0,0.8486241661423151,612.042477015757,Cubic,K,19.0,0.82,220.0,39.0983,1
mp-10157,K,0.00693026625,0.0,0.8318754308992641,78.04564502820226,Cubic,K,19.0,0.82,220.0,39.0983,1
mp-58,K,0.01521372625,0.0,0.826864520888935,78.51861211537867,Cubic,K,19.0,0.82,220.0,39.0983,1
mp-1080043,K,0.0636205245,0.0,0.8093310919806701,641.7571768187781,Orthorhombic,K,19.0,0.82,220.0,39.0983,1
mp-1545455,K,0.00632175,0.0,0.846322284768652,613.7071492134389,Orthorhombic,K,19.0,0.82,220.0,39.0983,1
mp-972981,K,0.006670691249999,0.0,0.8422291412147711,154.17242508138494,Orthorhombic,K,19.0,0.82,220.0,39.0983,1
mp-1184804,K,0.0,0.0,0.8483626258230531,612.2311625848381,Orthorhombic,K,19.0,0.82,220.0,39.0983,1
mp-573691,K,0.031988253249999,0.0,0.8777080958565251,591.7617020432232,Orthorhombic,K,19.0,0.82,220.0,39.0983,1
mp-181,KGa3,0.0,0.216299999999999,4.328097253195336,285.75435797216085,Tetragonal,"Ga, K",25.0,1.315,175.0,54.410650000000004,2
mp-29055,KSb2,0.0,0.2153,4.338160462908972,216.3583998787304,Monoclinic,"K, Sb",35.0,1.4349999999999998,182.5,80.42915,2
mp-976802,KF2,0.0,1.445599999999999,2.117093666735462,120.93884935973416,Tetragonal,"F, K",14.0,2.4,135.0,29.0483515815,2
mp-1185042,KHg3,0.030033264166661,0.0,8.9531932014525,118.86115096040626,Tetragonal,"Hg, K",49.5,1.3599999999999999,185.0,119.84515,2
mp-1185148,KCl3,0.051830397499999,0.0,2.032776402422387,118.82149403364016,Tetragonal,"Cl, K",18.0,1.99,160.0,37.274150000000006,2
mp-1866,KO2,0.0172468975,0.0,2.39878116699765,49.21645786667448,Tetragonal,"K, O",13.5,2.13,140.0,27.548650000000002,2
mp-22481,KIn4,0.0,0.0,5.516580995014355,150.01381354340262,Tetragonal,"In, K",34.0,1.3,187.5,76.95815,2
mp-973508,KRb3,0.0282987225625,0.0,1.35444622063687,362.2824661624337,Tetragonal,"K, Rb",28.0,0.82,227.5,62.28305,2
mp-974738,KSr3,0.09926039425,0.0,2.1515263941934952,233.0501522023292,Tetragonal,"K, Sr",28.5,0.885,210.0,63.35915,2
mp-1180711,KO2,0.038029273333334,0.0,2.265400559582304,208.45675478897203,Monoclinic,"K, O",13.5,2.13,140.0,27.548650000000002,2
mp-1180742,KO2,0.044124390833333,0.0,2.292020844942108,206.0356693481888,Monoclinic,"K, O",13.5,2.13,140.0,27.548650000000002,2
mp-1196514,KS3,0.0,1.8888999999999991,1.990182734819924,903.072089486542,Monoclinic,"K, S",17.5,1.7,160.0,35.57915,2
mp-1536,KSb,0.0,0.8246000000000001,3.457066707542885,618.1228513850983,Monoclinic,"K, Sb",35.0,1.4349999999999998,182.5,80.42915,2
mp-31104,KBi,0.0,0.4308,5.003121956310277,1317.3994207253545,Monoclinic,"Bi, K",51.0,1.3599999999999999,190.0,124.03935,2
mp-3346628,KO2,0.00284515,0.1754,2.336503315709114,202.11315163673416,Monoclinic,"K, O",13.5,2.13,140.0,27.548650000000002,2
mp-734250,KO2,0.092673766666667,0.0082,2.085648292808331,226.42266703163955,Monoclinic,"K, O",13.5,2.13,140.0,27.548650000000002,2
mp-1726,KO3,0.097024780625,0.4127,2.04941168579816,282.280308668779,Tetragonal,"K, O",13.5,2.13,140.0,27.548650000000002,2
mp-827,KN3,0.0,3.8956,2.057829582410366,130.91489535524028,Tetragonal,"K, N",13.0,1.93,142.5,26.55265,2
mp-1201508,KSi,0.014796516249999,1.5811000000000002,1.849937231404449,964.8874363845968,Tetragonal,"K, Si",16.5,1.3599999999999999,165.0,33.59165,2
mp-1201758,KGe,0.00940166234375,1.0097,2.980031553203468,996.2085787233392,Tetragonal,"Ge, K",25.5,1.4149999999999998,172.5,55.864149999999995,2
mp-21526,KPb,0.0,0.5708000000000001,5.107315531405211,1281.2615838509246,Tetragonal,"K, Pb",50.5,1.31,200.0,123.14914999999999,2
mp-542374,KSn,0.0,0.7321000000000001,3.411914083401286,1228.855549246432,Tetragonal,"K, Sn",34.5,1.39,182.5,78.90415,2
mp-21325,KO2,0.056030107499999,0.1547,2.06561693280497,114.30920260379078,Monoclinic,"K, O",13.5,2.13,140.0,27.548650000000002,2
mp-1056351,Mg,0.037615175,0.0,1.782330131270344,22.644178710566425,Tetragonal,Mg,12.0,1.31,150.0,24.305,1
mp-1094122,Mg,0.003384133333333,0.0,1.7894791436807,202.98343202608996,Trigonal,Mg,12.0,1.31,150.0,24.305,1
mp-153,Mg,0.0,0.0,1.8017993845931344,44.79899633535127,Hexagonal,Mg,12.0,1.31,150.0,24.305,1
mp-973364,Mg,0.008570822499999,0.0,1.790009721140348,90.18811805782045,Hexagonal,Mg,12.0,1.31,150.0,24.305,1
mp-1056702,Mg,0.030189964999999,0.0,1.785243836628089,22.60722103370626,Cubic,Mg,12.0,1.31,150.0,24.305,1
mp-110,Mg,0.039679875,0.0,1.811054814310633,22.28502511067041,Cubic,Mg,12.0,1.31,150.0,24.305,1
mp-1073794,MgSi,0.099112461666666,0.0,2.268889876879429,230.059130295984,Monoclinic,"Mg, Si",13.0,1.605,130.0,26.195,2
mp-570922,MgCl2,0.083751176666666,4.9801,1.803984239763228,87.64022534459218,Tetragonal,"Cl, Mg",14.5,2.2350000000000003,125.0,29.8775,2
mp-1038767,MgCd,0.038185795,0.0,5.34396609289812,84.96395938252209,Monoclinic,"Cd, Mg",30.0,1.5,152.5,68.3595,2
mp-1038816,CeMg,0.016450333333331,0.0,5.205063829229399,104.90841335556104,Monoclinic,"Ce, Mg",35.0,1.215,167.5,82.21050000000001,2
mp-1038896,MgBi2,0.094178766666664,0.0,8.205855847321612,178.99403849771744,Monoclinic,"Bi, Mg",47.5,1.605,155.0,116.6427,2
mp-1038936,MgBi,0.081487402499996,0.0,7.045825852347981,109.960004259349,Monoclinic,"Bi, Mg",47.5,1.605,155.0,116.6427,2
mp-1039008,Ce2Mg,0.05006506722222,0.0,6.813073038538817,148.4486025218422,Monoclinic,"Ce, Mg",35.0,1.215,167.5,82.21050000000001,2
mp-1039204,MgCd2,0.059304865555557,0.0,6.478491289456238,127.710325617982,Monoclinic,"Cd, Mg",30.0,1.5,152.5,68.3595,2
mp-1039350,CaMg,0.047775612499999,0.0,1.696060312384117,126.06920413578273,Monoclinic,"Ca, Mg",16.0,1.155,165.0,32.191500000000005,2
mp-1039397,Ca2Mg,0.035187254166666,0.0,1.632928427870116,212.4545922746949,Monoclinic,"Ca, Mg",16.0,1.155,165.0,32.191500000000005,2
mp-1039467,Ca2Mg,0.013408672499999,0.0,1.649798080056302,210.28218395372645,Monoclinic,"Ca, Mg",16.0,1.155,165.0,32.191500000000005,2
mp-1094177,La2Mg,0.033790885000001,0.0,5.048562019165181,198.73988637086708,Monoclinic,"La, Mg",34.5,1.205,172.5,81.60523500000001,2
mp-1094190,La2Mg,0.060518165,0.0,5.143901533867726,195.05634690303623,Monoclinic,"La, Mg",34.5,1.205,172.5,81.60523500000001,2
mp-1094206,MgSn2,0.081564865833333,0.0,5.595378787148984,155.34411654276195,Monoclinic,"Mg, Sn",31.0,1.635,147.5,71.5075,2
mp-1094239,MgSn2,0.071909165833333,0.0,5.611519586687395,154.89728958157005,Monoclinic,"Mg, Sn",31.0,1.635,147.5,71.5075,2
mp-1094252,MgSn2,0.067471615833333,0.0,5.642983189291873,154.03362818113322,Monoclinic,"Mg, Sn",31.0,1.635,147.5,71.5075,2
mp-1094274,SrMg,0.07296265,0.0,2.524741758147959,147.22760015308714,Monoclinic,"Mg, Sr",25.0,1.13,175.0,55.962500000000006,2
mp-1094317,Sr2Mg,0.057121876666666,0.0,2.558146398540265,259.0565326783283,Monoclinic,"Mg, Sr",25.0,1.13,175.0,55.962500000000006,2
mp-1094351,MgTi2,0.071795466111109,0.0,3.538949116750616,112.6489488487572,Monoclinic,"Mg, Ti",17.0,1.425,145.0,36.086,2
mp-1094352,Sr2Mg,0.079431003333333,0.0,2.556380807927077,259.23545272848804,Monoclinic,"Mg, Sr",25.0,1.13,175.0,55.962500000000006,2
mp-1094419,Y2Mg,0.068479988333335,0.0,3.712423714971126,180.8105443399704,Monoclinic,"Mg, Y",25.5,1.2650000000000001,165.0,56.605419999999995,2
mp-1094452,YMg,0.085989590000001,0.0,3.331032921602477,112.87251949317556,Monoclinic,"Mg, Y",25.5,1.2650000000000001,165.0,56.605419999999995,2
mp-1094505,MgZn,0.0712255923,0.0,4.21590167534025,70.67223730208522,Monoclinic,"Mg, Zn",21.0,1.48,142.5,44.8425,2
mp-1094511,MgTi2,0.092451292777775,0.0,3.555609625223804,112.12111003499196,Monoclinic,"Mg, Ti",17.0,1.425,145.0,36.086,2
mp-1094531,Y2Mg,0.054300795000001,0.0,3.798095504443152,176.7320890007365,Monoclinic,"Mg, Y",25.5,1.2650000000000001,165.0,56.605419999999995,2
mp-1094601,Li2Mg,0.011001634444444,0.0,1.036254303715672,122.38502674272684,Monoclinic,"Li, Mg",7.5,1.145,147.5,15.6225,2
mp-1094621,MgGa,0.046648414999999,0.0,4.009383392526082,77.88587524222356,Monoclinic,"Ga, Mg",21.5,1.56,140.0,47.013999999999996,2
mp-1094624,MgGa2,0.067186023333333,0.0,4.665941935912435,116.55307178255448,Monoclinic,"Ga, Mg",21.5,1.56,140.0,47.013999999999996,2
mp-1094640,MgGa2,0.058825198333332,0.0,4.8980434179587125,111.03002137459151,Monoclinic,"Ga, Mg",21.5,1.56,140.0,47.013999999999996,2
mp-1094646,MgGa2,0.091843213333333,0.0,4.659000799624479,116.72671647394144,Monoclinic,"Ga, Mg",21.5,1.56,140.0,47.013999999999996,2
mp-1094812,MgCd2,0.058837752222222,0.0,6.484193600725104,255.1960299264336,Monoclinic,"Cd, Mg",30.0,1.5,152.5,68.3595,2
mp-1094901,MgCd2,0.047042540555557,0.0,6.522570423394536,126.84726701028532,Monoclinic,"Cd, Mg",30.0,1.5,152.5,68.3595,2
mp-1095005,Ca2Mg,0.036908806666666,0.0,1.625724852073275,213.3959771325853,Monoclinic,"Ca, Mg",16.0,1.155,165.0,32.191500000000005,2
mp-1183455,Ca,0.013071680000001,0.0,1.544130909113659,86.19875997738622,Tetragonal,Ca,20.0,1.0,180.0,40.078,1
mp-166,Ca,0.02121779,0.0,1.5738101266525022,42.2866034962744,Tetragonal,Ca,20.0,1.0,180.0,40.078,1
mp-1183484,Ca,0.008999964999999,0.0,1.525005978877473,174.55953806335285,Hexagonal,Ca,20.0,1.0,180.0,40.078,1
mp-132,Ca,0.005909895,0.0,1.527508022472714,174.2736112022339,Hexagonal,Ca,20.0,1.0,180.0,40.078,1
mp-45,Ca,0.0,0.0,1.534815625204312,43.36096382607296,Cubic,Ca,20.0,1.0,180.0,40.078,1
mp-21,Ca,0.005616039999999,0.0,1.558186821803846,42.710594052600456,Cubic,Ca,20.0,1.0,180.0,40.078,1
mp-1064227,Ca,0.010473554999999,0.0,1.529514324812333,87.02250606556609,Orthorhombic,Ca,20.0,1.0,180.0,40.078,1
mp-1078638,Ca,0.019152001249999,0.0,1.596183616492226,333.55102316074857,Tetragonal,Ca,20.0,1.0,180.0,40.078,1
mp-30471,CaCu,0.000139304500001,0.0,3.641315263354545,472.55370049677634,Monoclinic,"Ca, Cu",24.5,1.45,157.5,51.812,2
mp-7493,CaSb2,0.0,0.0,5.3544117263486495,175.901885128571,Monoclinic,"Ca, Sb",35.5,1.525,162.5,80.91900000000001,2
mp-1039570,CaMg2,0.063282755,0.0,1.739289096785149,169.34492283840132,Monoclinic,"Ca, Mg",16.0,1.155,165.0,32.191500000000005,2
mp-2461,CaGa4,0.001600682000001,0.0,5.387038823403971,98.32157581123911,Monoclinic,"Ca, Ga",25.5,1.405,155.0,54.9005,2
mp-643542,CaGe2,0.097874856666667,0.0,4.24179490929589,72.56225416092421,Monoclinic,"Ca, Ge",26.0,1.505,152.5,56.354,2
mp-917,CaC2,0.000210771666667,2.3396,2.189236157490237,97.23899144471837,Monoclinic,"C, Ca",13.0,1.775,125.0,26.0445,2
mp-1094998,CaMg,0.024139097499999,0.0,1.706894615475358,62.63449770418459,Tetragonal,"Ca, Mg",16.0,1.155,165.0,32.191500000000005,2
mp-20034,CaPb,0.0,0.0,6.975407029671377,117.73213450170792,Tetragonal,"Ca, Pb",51.0,1.4,180.0,123.639,2
mp-2017191,BaCa,0.077950792499997,0.0,2.684063620117292,109.75445250336486,Tetragonal,"Ba, Ca",38.0,0.9450000000000001,197.5,88.7025,2
mp-1182183,CaO10,0.077521395454545,0.0,2.126432633932467,312.47392165760584,Tetragonal,"Ca, O",14.0,2.2199999999999998,120.0,28.038500000000003,2
mp-1182382,CaO10,0.05020342090909,0.0,2.512920777574513,264.4153171063857,Tetragonal,"Ca, O",14.0,2.2199999999999998,120.0,28.038500000000003,2
mp-1213975,CaB4,0.0,0.0,2.642539600836124,209.4340399870896,Tetragonal,"B, Ca",12.5,1.52,132.5,25.444000000000003,2
mp-22904,CaCl2,0.001869090833332,5.3533,2.147056170739013,171.67065331513982,Tetragonal,"Ca, Cl",18.5,2.08,140.0,37.764,2
mp-571166,CaBr2,0.001747406666666,4.4482,3.269983382807338,203.00929577290373,Tetragonal,"Br, Ca",27.5,1.98,147.5,59.991,2
mp-1009657,CaN2,0.0,0.0,2.956401288995216,38.245291740457695,Tetragonal,"Ca, N",13.5,2.02,122.5,27.0425,2
mp-1039409,CaMg3,0.047027422346938,0.0,1.792493065959835,104.6750441134136,Tetragonal,"Ca, Mg",16.0,1.155,165.0,32.191500000000005,2
mp-1095016,CaMg2,0.073613626666666,0.0,1.750187136830431,84.14522415647565,Tetragonal,"Ca, Mg",16.0,1.155,165.0,32.191500000000005,2
mp-1183342,Ba3Ca,0.0392140475,0.0,3.096433751471035,242.4278024845549,Tetragonal,"Ba, Ca",38.0,0.9450000000000001,197.5,88.7025,2
mp-1183511,CaAg3,0.071811945,0.0,7.419057293086879,81.39971714538277,Tetragonal,"Ag, Ca",33.5,1.4649999999999999,170.0,73.9731,2
mp-1183620,CaEu3,0.046251483749998,0.0,4.674904147173979,176.16993524016144,Tetragonal,"Ca, Eu",41.5,0.5,182.5,96.021,2
mp-1187110,Sr3Ca,0.044507889999998,0.0,2.357246104372858,213.4017245057676,Tetragonal,"Ca, Sr",29.0,0.975,190.0,63.849000000000004,2
mp-1205360,CaGe3,0.090985402500001,0.0,5.009990508273799,342.0491574961312,Tetragonal,"Ca, Ge",26.0,1.505,152.5,56.354,2
mp-1749,CaAl4,0.0,0.0,2.346956254386141,104.71719698268504,Tetragonal,"Al, Ca",16.5,1.3050000000000002,152.5,33.52976925,2
mp-1976,CaGa4,0.0,0.0,5.32222545109275,99.5189232287506,Tetragonal,"Ca, Ga",25.5,1.405,155.0,54.9005,2
mp-21187,CaIn,0.0,0.0,4.522365872714416,227.5011500612536,Tetragonal,"Ca, In",34.5,1.3900000000000001,167.5,77.44800000000001,2
mp-2482,CaC2,0.002929060000001,1.3593,2.221056574467479,47.92293866708488,Tetragonal,"C, Ca",13.0,1.775,125.0,26.0445,2
mp-634859,CaO2,0.0,2.7345,3.312892458777454,36.12744563392267,Tetragonal,"Ca, O",14.0,2.2199999999999998,120.0,28.038500000000003,2
mp-976075,Li3Ca,0.060047558958333,0.0,0.95025120041508,106.4229012821373,Tetragonal,"Ca, Li",11.5,0.99,162.5,23.509,2
mp-18567,CaZn11,0.0,0.0,6.772756053530909,372.4649972984803,Tetragonal,"Ca, Zn",25.0,1.325,157.5,52.729,2
mp-862,CaSi2,0.028903806666667,0.0,2.609058357820129,122.51563798267624,Tetragonal,"Ca, Si",17.0,1.45,145.0,34.081500000000005,2
mp-1575,CaC2,0.0,2.0383,2.199846562628209,96.76998369119411,Monoclinic,"C, Ca",13.0,1.775,125.0,26.0445,2
mp-1271068,Fe,0.017069855,0.0,8.109373830977775,45.74104301350541,Tetragonal,Fe,26.0,1.83,140.0,55.845,1
mp-1271128,Fe,0.099134600000001,0.0,8.517772787608946,21.77395584881966,Tetragonal,Fe,26.0,1.83,140.0,55.845,1
mp-136,Fe,0.09780592,0.0,9.40774412148467,19.71414254179415,Hexagonal,Fe,26.0,1.83,140.0,55.845,1
mp-13,Fe,0.0,0.0,7.902858241785766,23.468168469356996,Cubic,Fe,26.0,1.83,140.0,55.845,1
mp-1271198,Fe,0.054992034999999,0.0,7.618499799098144,48.68822300937243,Orthorhombic,Fe,26.0,1.83,140.0,55.845,1
mp-2051155,FeCl3,0.058973778333334,1.3509,2.271085885433305,237.19585462299435,Triclinic,"Cl, Fe",21.5,2.495,120.0,45.6475,2
mp-676241,FeCl3,0.024356177083334,0.6636000000000001,2.200413099857064,244.8141022031569,Triclinic,"Cl, Fe",21.5,2.495,120.0,45.6475,2
mp-1178232,FeO,0.012036054999999,0.0,5.602115229250103,85.18241987850475,Monoclinic,"Fe, O",17.0,2.635,100.0,35.922,2
mp-1274279,FeO,0.0,1.8157,5.6148992124359385,84.98847683834407,Monoclinic,"Fe, O",17.0,2.635,100.0,35.922,2
mp-1722,Zn13Fe,0.0,0.0,7.626849799103289,197.29212470465896,Monoclinic,"Fe, Zn",28.0,1.74,137.5,60.6125,2
mp-22510,FeGe,0.019820883333334,0.0,7.783657232864989,109.64221860708533,Monoclinic,"Fe, Ge",29.0,1.92,132.5,64.2375,2
mp-1009134,MnFe,0.09255887603448,0.0,8.733741964154095,21.06308783731317,Tetragonal,"Fe, Mn",25.5,1.69,140.0,55.391521999999995,2
mp-1215473,ZnFe,0.022560960833332,0.0,8.053823080443978,25.00017717926042,Tetragonal,"Fe, Zn",28.0,1.74,137.5,60.6125,2
mp-1225083,FeCo3,0.081429389999999,0.0,8.99362863011787,42.95434444910822,Tetragonal,"Co, Fe",26.5,1.855,137.5,57.389097,2
mp-20738,FeSi2,0.070323002083334,0.0,5.075337680593534,36.64917603325126,Tetragonal,"Fe, Si",20.0,1.865,125.0,41.965,2
mp-2213,FeNi,0.0,0.0,8.535536782713221,44.56555988629911,Tetragonal,"Fe, Ni",27.0,1.87,137.5,57.2692,2
mp-2260,FePt,0.0,0.0,14.981159977848373,27.81342753558363,Tetragonal,"Fe, Pt",52.0,2.015,137.5,125.4645,2
mp-2831,FePd,0.008477096666666,0.0,9.808478545574465,54.94172626057734,Tetragonal,"Fe, Pd",36.0,2.015,140.0,81.1325,2
mp-20311,FeSe,0.0,0.0,4.941151906868024,90.60598544313967,Tetragonal,"Fe, Se",30.0,2.19,127.5,67.408,2
mp-21273,FeTe,0.076453768750001,0.0,6.996625048410066,87.07557914416442,Tetragonal,"Fe, Te",39.0,1.965,140.0,91.7225,2
mp-505531,FeS,0.0,0.0,4.294013387059193,67.99139927450518,Tetragonal,"Fe, S",21.0,2.205,120.0,43.9525,2
mp-753682,FeO,0.087101994999999,0.0,4.706689133109818,101.38798594298704,Tetragonal,"Fe, O",17.0,2.635,100.0,35.922,2
mp-556911,FeF2,0.0,1.6921,4.318802548760486,72.16258851761452,Tetragonal,"F, Fe",17.5,2.9050000000000002,95.0,37.4217015815,2
mp-636368,Ga3Fe,0.0,0.2215,7.084328261604737,248.47301477035109,Tetragonal,"Fe, Ga",28.5,1.82,135.0,62.784,2
mp-1007855,FeNi3,0.0170325225,0.0,8.712064155440634,44.20546592147309,Tetragonal,"Fe, Ni",27.0,1.87,137.5,57.2692,2
mp-1104104,Be12Fe,0.018285425769231,0.0,2.568896000308672,106.00420086187538,Tetragonal,"Be, Fe",15.0,1.7000000000000002,122.5,32.42859155,2
mp-1184336,FeIr3,0.0,0.0,18.95798036589193,55.40064380264064,Tetragonal,"Fe, Ir",51.5,2.015,137.5,124.031,2
mp-715262,FeO,0.009280054999999,0.0,5.577375605140057,42.7801322207853,Tetragonal,"Fe, O",17.0,2.635,100.0,35.922,2
mp-27164,FeP4,0.005661479499998,1.075,4.170169112889482,429.4291624011687,Monoclinic,"Fe, P",20.5,2.01,120.0,43.409380999,2
mp-1159,Zr2Fe,0.004575485666668,0.0,7.111274052973014,111.28662257978525,Tetragonal,"Fe, Zr",33.0,1.58,147.5,73.53450000000001,2
mp-21108,U6Fe,0.016314791071433,0.0,18.24423563918276,270.1423810919332,Tetragonal,"Fe, U",59.0,1.7650000000000001,157.5,146.936955,2
mp-21117,FeGe2,0.018091517222224,0.0,7.777100468211013,85.88700149498013,Tetragonal,"Fe, Ge",29.0,1.92,132.5,64.2375,2
mp-22752,FeSn2,0.013997236666667,0.0,8.36399547953507,116.44625838404173,Tetragonal,"Fe, Sn",38.0,1.895,142.5,87.2775,2
mp-1080525,FeB,0.00839964625,0.0,6.7843569021940064,65.25888517892977,Tetragonal,"B, Fe",15.5,1.935,112.5,33.3275,2
mp-1182789,FeCl3,0.000754751458334,0.0421,2.644786965984538,2444.1688398159863,Trigonal,"Cl, Fe",21.5,2.495,120.0,45.6475,2
mp-23204,FeCl3,0.073412198333334,0.0,2.7573776826129013,195.3639361464281,Trigonal,"Cl, Fe",21.5,2.495,120.0,45.6475,2
mp-23232,FeBr3,0.0,0.0,4.270878160926458,229.8281179721752,Trigonal,"Br, Fe",30.5,2.395,127.5,67.8745,2
mp-583463,FeCl3,0.0,0.4268,2.79528438994453,578.1438476765462,Trigonal,"Cl, Fe",21.5,2.495,120.0,45.6475,2
mp-1181783,FeF3,0.019842060416667,3.002799999999999,3.433776364934121,109.1367383371964,Monoclinic,"F, Fe",17.5,2.9050000000000002,95.0,37.4217015815,2
mp-1213622,FeF6,0.0,0.5263,2.785641977932983,202.4799674244229,Monoclinic,"F, Fe",17.5,2.9050000000000002,95.0,37.4217015815,2
mp-1271142,Co,0.010144927499998,0.0,8.99079359563772,43.53825791953996,Trigonal,Co,27.0,1.88,135.0,58.933194,1
mp-1183710,Co,0.010616019999998,0.0,9.155737593091484,42.7539001077957,Hexagonal,Co,27.0,1.88,135.0,58.933194,1
mp-54,Co,0.025098924999999,0.0,9.19733163810142,21.280274859645477,Hexagonal,Co,27.0,1.88,135.0,58.933194,1
mp-102,Co,0.0,0.0,9.026471225712273,10.841542632772711,Cubic,Co,27.0,1.88,135.0,58.933194,1
mp-2647057,Co,0.089565734999998,0.0,8.871717589669283,11.030656874268672,Cubic,Co,27.0,1.88,135.0,58.933194,1
mp-1220493,NdCo,0.089131053863635,0.0,7.966550712595994,211.74807067262967,Monoclinic,"Co, Nd",43.5,1.5099999999999998,160.0,101.58759699999999,2
mp-1271165,CoF3,0.014427379999999,0.2253,3.369445142031891,228.52859940117597,Monoclinic,"Co, F",18.0,2.9299999999999997,92.5,38.965798581499996,2
mp-1272680,CoO2,0.014164345833335,1.2544,4.470409478608143,135.1072028850371,Monoclinic,"Co, O",17.5,2.66,97.5,37.466097,2
mp-21237,CoGe,0.0,0.0,8.432408064668786,103.63940110076324,Monoclinic,"Co, Ge",29.5,1.9449999999999998,130.0,65.781597,2
mp-30568,Zn13Co,0.0,0.0,7.767907608338069,194.3696483323901,Monoclinic,"Co, Zn",28.5,1.765,135.0,62.156597,2
mp-601820,Fe3Co,0.0,0.0,8.21480064690456,45.77826064246496,Tetragonal,"Co, Fe",26.5,1.855,137.5,57.389097,2
mp-949,CoPt,0.0,0.0,15.790161995450742,53.42636459425499,Tetragonal,"Co, Pt",52.5,2.04,135.0,127.00859700000001,2
mp-1271121,CoF3,0.010794163124999,1.638199999999999,3.475764043011478,110.76910997682208,Tetragonal,"Co, F",18.0,2.9299999999999997,92.5,38.965798581499996,2
mp-1147746,CoS,0.084537027916667,0.0,4.591952859758208,65.81341856176692,Tetragonal,"Co, S",21.5,2.23,117.5,45.496597,2
mp-20559,Ga3Co,0.0,0.0,7.290474998820155,244.26072030190545,Tetragonal,"Co, Ga",29.0,1.845,132.5,64.328097,2
mp-22236,In3Co,0.0,0.0,8.151843223306399,328.6815891397892,Tetragonal,"Co, In",38.0,1.83,145.0,86.875597,2
mp-555908,CoF2,0.0,2.2721,4.666660251169866,68.98126085349506,Tetragonal,"Co, F",18.0,2.9299999999999997,92.5,38.965798581499996,2
mp-1104193,Be12Co,0.048684339615384,0.0,2.653523648872987,104.55600656530927,Tetragonal,"Be, Co",15.5,1.725,120.0,33.97268855,2
mp-1183423,Be3Co,0.0,0.0,4.272686656558092,33.41132288670624,Tetragonal,"Be, Co",15.5,1.725,120.0,33.97268855,2
mp-971948,Zn3Co,0.017516067159093,0.0,8.294774901672646,51.08076796072356,Tetragonal,"Co, Zn",28.5,1.765,135.0,62.156597,2
mp-14285,CoP2,0.0,0.437799999999999,5.185653188975327,154.83268856077132,Monoclinic,"Co, P",21.0,2.035,117.5,44.953477999,2
mp-2715,CoAs2,0.0,0.172299999999999,7.546049905466102,183.7683897798177,Monoclinic,"As, Co",30.0,2.0300000000000002,125.0,66.92739449999999,2
mp-755,CoSb2,0.030628977777777,0.0,8.352510478830764,240.51946891339605,Monoclinic,"Co, Sb",39.0,1.9649999999999999,140.0,90.346597,2
mp-1271079,CoF3,0.0,1.6435,3.396809423561567,226.68760093708207,Tetragonal,"Co, F",18.0,2.9299999999999997,92.5,38.965798581499996,2
mp-1397055,CoF4,0.007734817499999,1.613999999999999,3.16137057740592,141.74310160587123,Tetragonal,"Co, F",18.0,2.9299999999999997,92.5,38.965798581499996,2
mp-20155,CoSn2,0.01292766986111,0.0,9.086250659342552,108.31883826652756,Tetragonal,"Co, Sn",38.5,1.92,140.0,88.821597,2
mp-30562,Sc2Co,0.066573503333332,0.0,4.451006658905417,111.05935706647588,Tetragonal,"Co, Sc",24.0,1.62,147.5,51.944551000000004,2
mp-574,Ta2Co,0.0,0.0,15.20657722523519,91.90798294494512,Tetragonal,"Co, Ta",50.0,1.69,140.0,119.940537,2
mp-582635,U6Co,0.04077744607143,0.0,18.350875555967026,269.13143073714446,Tetragonal,"Co, U",59.5,1.79,155.0,148.481052,2
mp-628,Zr2Co,0.043680501666667,0.0,7.281141626833729,110.09891711566502,Tetragonal,"Co, Zr",33.5,1.605,145.0,75.078597,2
mp-1278937,CoO2,0.057328405,0.9448,4.756387359148226,126.98387973885814,Tetragonal,"Co, O",17.5,2.66,97.5,37.466097,2
mp-985707,CoSn3,0.0,0.0,8.145906384524958,676.8834483191839,Tetragonal,"Co, Sn",38.5,1.92,140.0,88.821597,2
mp-1281832,CoO2,0.073248395000001,1.026399999999999,2.9176434484240192,103.50553984445028,Monoclinic,"Co, O",17.5,2.66,97.5,37.466097,2
mp-1359404,CoO2,0.083427535555556,0.0,4.668607847408153,388.1143202512593,Trigonal,"Co, O",17.5,2.66,97.5,37.466097,2
mp-1009641,CoTe2,0.019206191666661,0.0,7.581466858828933,68.8033664363929,Trigonal,"Co, Te",39.5,1.99,137.5,93.26659699999999,2
mp-1120788,CoCl2,0.011647123333332,0.091,1.208169946956345,178.45424496491452,Trigonal,"Cl, Co",22.0,2.52,117.5,47.191597,2
mp-30033,CoBr2,0.0,0.1072,4.667836392740899,77.81513086815478,Trigonal,"Br, Co",31.0,2.42,125.0,69.418597,2
mp-569610,CoI2,0.0,0.0,5.968076484460047,87.01640039158713,Trigonal,"Co, I",40.0,2.27,137.5,92.91883200000001,2
mp-696114,CoCl2,0.001190196666666,0.079099999999999,3.326232985902064,64.81898790229346,Trigonal,"Cl, Co",22.0,2.52,117.5,47.191597,2
mp-1218179,TaCo,0.006195417666669,0.0,14.442669703265478,358.542759702574,Trigonal,"Co, Ta",50.0,1.69,140.0,119.940537,2
mp-10257,Ni,0.045835290000001,0.0,9.221740491591104,21.137589751186848,Hexagonal,Ni,28.0,1.91,135.0,58.6934,1
mp-23,Ni,0.0,0.0,9.289219853118466,10.492020341068946,Cubic,Ni,28.0,1.91,135.0,58.6934,1
mp-1048,TiNi,0.0,0.0,6.625800858603042,53.41171910495046,Monoclinic,"Ni, Ti",25.0,1.725,137.5,53.280199999999994,2
mp-1179013,TiNi,0.010050409999999,0.0,6.518078495566351,54.29443885123011,Monoclinic,"Ni, Ti",25.0,1.725,137.5,53.280199999999994,2
mp-31139,TbNi,0.000619543333334,0.0,9.133206611422944,474.7919779425972,Monoclinic,"Ni, Tb",46.5,0.955,155.0,108.809375,2
mp-1018140,MgNi,0.045670855763889,0.0,5.047594076587626,27.30451053989401,Tetragonal,"Mg, Ni",20.0,1.6099999999999999,142.5,41.4992,2
mp-1228868,AlNi,0.026780045,0.0,6.060902167304869,23.47283929796852,Tetragonal,"Al, Ni",20.5,1.76,130.0,42.83746925,2
mp-1797,MnNi,0.036898397356321,0.0,7.628917991055061,24.7334489422941,Tetragonal,"Mn, Ni",26.5,1.73,137.5,56.815721999999994,2
mp-429,ZnNi,0.0,0.0,8.906568762336324,46.27525794900231,Tetragonal,"Ni, Zn",29.0,1.7799999999999998,135.0,62.036699999999996,2
mp-945,NiPt,0.0,0.0,16.036278150174454,52.55674452311622,Tetragonal,"Ni, Pt",53.0,2.055,135.0,126.8887,2
mp-998945,TiNi,0.066640969999999,0.0,6.601175128775467,26.805485947673503,Tetragonal,"Ni, Ti",25.0,1.725,137.5,53.280199999999994,2
mp-1067475,TiNi,0.071746234999999,0.0,6.662728363550433,53.1156899988733,Tetragonal,"Ni, Ti",25.0,1.725,137.5,53.280199999999994,2
mp-571033,NiSe,0.092453231666667,0.0,6.294033620599634,72.633500908608,Tetragonal,"Ni, Se",31.0,2.23,125.0,68.8322,2
mp-559798,NiF2,0.0,4.9116,4.858200007945914,66.09767602083656,Tetragonal,"F, Ni",18.5,2.945,92.5,38.8459015815,2
mp-1007862,Fe3Ni,0.0763760375,0.0,8.092877146430878,46.4187320995087,Tetragonal,"Fe, Ni",27.0,1.87,137.5,57.2692,2
mp-1185204,Li3Ni,0.093283324999999,0.0,2.401551211717096,54.98116716860861,Tetragonal,"Li, Ni",15.5,1.4449999999999998,140.0,32.8167,2
mp-1186350,NiIr3,0.011985112499992,0.0,19.61110700237134,53.79676918890742,Tetragonal,"Ir, Ni",52.5,2.055,135.0,125.4552,2
mp-1190013,TiNi,0.034571256249999,0.0,6.60301693035981,214.38407203100164,Tetragonal,"Ni, Ti",25.0,1.725,137.5,53.280199999999994,2
mp-865168,Be3Ni,0.0,0.0,4.243303365787677,33.54884443527943,Tetragonal,"Be, Ni",16.0,1.74,120.0,33.85279155,2
mp-971941,Zn3Ni,0.028257140067568,0.0,8.365757074761854,50.5997579526117,Tetragonal,"Ni, Zn",29.0,1.7799999999999998,135.0,62.036699999999996,2
mp-1180046,NiS2,0.0,0.2404,3.940790604191446,103.50869887667356,Monoclinic,"Ni, S",22.0,2.245,117.5,45.3767,2
mp-769108,NiP4,0.078341550500001,0.0,3.942453262380457,461.4313436362104,Monoclinic,"Ni, P",21.5,2.05,117.5,44.833580999,2
mp-850131,NiS2,0.021697538333333,0.0,4.323290135292187,94.35085206413255,Monoclinic,"Ni, S",22.0,2.245,117.5,45.3767,2
mp-1095578,Ga5Ni,0.021044003333335,0.0,7.159019774039257,188.95087084603168,Tetragonal,"Ga, Ni",29.5,1.8599999999999999,132.5,64.2082,2
mp-1185791,Mg2Ni,0.001909583333333,0.0,3.54458602368237,100.53726245520691,Tetragonal,"Mg, Ni",20.0,1.6099999999999999,142.5,41.4992,2
mp-1867,Ta2Ni,0.0,0.0,15.036324253874438,92.8956730882574,Tetragonal,"Ni, Ta",50.5,1.705,140.0,119.82064,2
mp-328,Zr2Ni,0.0,0.0,7.299906304575116,109.70680953087206,Tetragonal,"Ni, Zr",34.0,1.62,145.0,74.9587,2
mp-636821,U6Ni,0.041547670178577,0.0,18.230911680670584,270.8586987978932,Tetragonal,"Ni, U",60.0,1.805,155.0,148.361155,2
mp-861,Hf2Ni,0.013278753333331,0.0,13.05335235149764,105.75703483055912,Tetragonal,"Hf, Ni",50.0,1.605,145.0,118.5917,2
mp-1189328,TiNi,0.02236521611111,0.0,6.486379750563485,245.51898371882365,Trigonal,"Ni, Ti",25.0,1.725,137.5,53.280199999999994,2
mp-2716,TiNi,0.024763409444445,0.0,6.641919489348608,239.7694472097384,Trigonal,"Ni, Ti",25.0,1.725,137.5,53.280199999999994,2
mp-614777,NiF3,0.0,0.0,4.543954278394464,84.55430844225538,Trigonal,"F, Ni",18.5,2.945,92.5,38.8459015815,2
mp-486,NiP2,0.006562992499995,0.3713,4.569260959387608,87.68550061521131,Monoclinic,"Ni, P",21.5,2.05,117.5,44.833580999,2
mp-770274,NiP4,0.086698857833333,0.0,3.883674532730065,312.2766838041175,Monoclinic,"Ni, P",21.5,2.05,117.5,44.833580999,2
mp-597,TiNi,0.022700761666666,0.0,6.487972611986743,245.4587063808582,Trigonal,"Ni, Ti",25.0,1.725,137.5,53.280199999999994,2
mp-1547,NiS,0.014181840833332,0.0,5.54550911388632,81.52968414282847,Trigonal,"Ni, S",22.0,2.245,117.5,45.3767,2
mp-15651,NiSe,0.0,0.0,7.241909815561372,94.6900144458362,Trigonal,"Ni, Se",31.0,2.23,125.0,68.8322,2
mp-1224697,Fe2Ni,0.089329486666667,0.0,8.224540201109791,34.40049961236216,Trigonal,"Fe, Ni",27.0,1.87,137.5,57.2692,2
mp-2578,NiTe2,0.0,0.0,7.504894339130935,69.45231070478455,Trigonal,"Ni, Te",40.0,2.005,137.5,93.1467,2
mp-2647025,Mn,0.052632352068965,0.0,8.48296302953795,21.50823235878177,Hexagonal,Mn,25.0,1.55,140.0,54.938044,1
mp-542909,Mn,0.039890561017243,0.0,6.051266324949936,301.51298940187866,Cubic,Mn,25.0,1.55,140.0,54.938044,1
mp-35,Mn,0.0,0.0,7.005220776836564,377.65780883545983,Cubic,Mn,25.0,1.55,140.0,54.938044,1
mp-796336,MnO2,0.036088028333333,0.985,3.4873325260826142,248.3767057538618,Monoclinic,"Mn, O",16.5,2.495,100.0,35.468522,2
mp-1176438,MnF3,0.022263145,0.310999999999999,3.245291272983107,229.0944343422596,Monoclinic,"F, Mn",17.0,2.765,95.0,36.9682235815,2
mp-672389,MnTe,0.09356448426724,0.0,5.911142944079177,205.1119776535918,Monoclinic,"Mn, Te",38.5,1.8250000000000002,140.0,91.26902199999999,2
mp-615138,MnF2,0.054658780833334,3.283,4.202839577300487,146.87398703662893,Tetragonal,"F, Mn",17.0,2.765,95.0,36.9682235815,2
mp-1210567,MnZn13,0.014834107142855,0.0,7.472561093164602,201.1641455610551,Monoclinic,"Mn, Zn",27.5,1.6,137.5,60.15902199999999,2
mp-1210582,MnZn13,0.085269938571428,0.0,6.981360849921663,215.31781550528336,Monoclinic,"Mn, Zn",27.5,1.6,137.5,60.15902199999999,2
mp-644514,MnO2,0.0,0.540999999999999,5.001461680242682,173.18380507009397,Monoclinic,"Mn, O",16.5,2.495,100.0,35.468522,2
mp-758601,MnF3,0.091778256249998,1.3373,3.143953090369681,118.23938638545567,Monoclinic,"F, Mn",17.0,2.765,95.0,36.9682235815,2
mp-1001836,MnGa,0.0,0.0,7.667674940011587,26.99704107505733,Tetragonal,"Ga, Mn",28.0,1.6800000000000002,135.0,62.330522,2
mp-12675,MnAu,0.071660423017242,0.0,12.429139668223266,33.65457817432254,Tetragonal,"Au, Mn",52.0,1.975,137.5,125.95230649999999,2
mp-1670,MnPt,0.0,0.0,13.806613246286044,60.14094344902484,Tetragonal,"Mn, Pt",51.5,1.875,137.5,125.011022,2
mp-238,MnPd,0.002224423413792,0.0,8.897919578609027,60.22561455305642,Tetragonal,"Mn, Pd",35.5,1.875,140.0,80.679022,2
mp-2728,MnIr,0.0,0.0,15.79371569526229,25.98569048909078,Tetragonal,"Ir, Mn",51.0,1.875,137.5,123.577522,2
mp-771,MnAl,0.0,0.0,5.071908127930998,53.64082528951334,Tetragonal,"Al, Mn",19.0,1.58,132.5,40.959791249999995,2
mp-999542,MnFe3,0.051220863017242,0.0,8.028968187258098,46.01153895144762,Tetragonal,"Fe, Mn",25.5,1.69,140.0,55.391521999999995,2
mp-753295,MnF3,0.026806686249999,0.0,3.39745074552192,109.4170635791988,Tetragonal,"F, Mn",17.0,2.765,95.0,36.9682235815,2
mp-759525,MnF3,0.027228006999998,0.0,3.05145086694886,609.1185806993994,Tetragonal,"F, Mn",17.0,2.765,95.0,36.9682235815,2
mp-604910,MnSe,0.023666442499997,0.0,5.452820467407736,81.55153319014968,Tetragonal,"Mn, Se",29.5,2.05,127.5,66.954522,2
mp-510408,MnO2,0.046443044722222,0.0,5.200624691225469,55.51718726906692,Tetragonal,"Mn, O",16.5,2.495,100.0,35.468522,2
mp-560902,MnF2,0.000218557500001,2.536299999999999,3.926182970414352,78.6116961747604,Tetragonal,"F, Mn",17.0,2.765,95.0,36.9682235815,2
mp-757186,MnF3,0.042534918749998,1.0699,3.388964063045631,219.38213407662383,Tetragonal,"F, Mn",17.0,2.765,95.0,36.9682235815,2
mp-1104792,MnBe12,0.0,0.0,2.5207910224986,107.42966433306988,Tetragonal,"Be, Mn",14.5,1.56,122.5,31.97511355,2
mp-11252,MnAu2,0.0,0.0,14.831388091619958,50.25612779046664,Tetragonal,"Au, Mn",52.0,1.975,137.5,125.95230649999999,2
mp-31138,MnPd3,0.0,0.0,10.38421833374156,119.67592598642084,Tetragonal,"Mn, Pd",35.5,1.875,140.0,80.679022,2
mp-1106184,MnB4,0.00608231,0.0053,4.560769604055294,142.9891316730522,Monoclinic,"B, Mn",15.0,1.795,112.5,32.874022,2
mp-1176433,MnF3,0.050799068749999,0.0,3.489158125658025,213.0823945732534,Monoclinic,"F, Mn",17.0,2.765,95.0,36.9682235815,2
mp-753574,MnF4,0.060740339999999,0.1966,3.775612232324731,115.1692067157722,Monoclinic,"F, Mn",17.0,2.765,95.0,36.9682235815,2
mp-769096,MnP4,0.052898768999999,0.0,3.9760976517458193,448.11676674543816,Monoclinic,"Mn, P",20.0,1.87,120.0,42.955902999,2
mp-1094140,MnGe2,0.047492406666666,0.0,7.400614544527722,89.849264155128,Tetragonal,"Ge, Mn",28.5,1.7799999999999998,132.5,63.78402199999999,2
mp-20086,MnSn2,0.009669549022984,0.0,8.165669136955971,118.9056149630566,Tetragonal,"Mn, Sn",37.5,1.755,142.5,86.824022,2
mp-568195,U6Mn,0.036532812142862,0.0,18.115314511248936,271.8986294880099,Tetragonal,"Mn, U",58.5,1.625,157.5,146.483477,2
mp-1974638,HfMn,0.0,0.0,11.262057584207062,413.0148172988808,Tetragonal,"Hf, Mn",48.5,1.425,147.5,116.714022,2
mp-556560,MnF3,0.0,0.4936,3.2606856333644583,114.00641645002692,Monoclinic,"F, Mn",17.0,2.765,95.0,36.9682235815,2
mp-571193,MnP4,0.004488425166665,0.5243,4.133395758819001,574.7513272956154,Monoclinic,"Mn, P",20.0,1.87,120.0,42.955902999,2
mp-755453,MnP4,0.040292152666666,0.0,3.949466461150622,300.75894073134725,Monoclinic,"Mn, P",20.0,1.87,120.0,42.955902999,2
mp-1010136,Cu,0.03556281,0.0,9.201400940058464,11.467885837555205,Tetragonal,Cu,29.0,1.9,135.0,63.546,1
mp-989695,Cu,0.007716539999998,0.0,9.210602272661523,45.82571797258685,Hexagonal,Cu,29.0,1.9,135.0,63.546,1
mp-989782,Cu,0.012339934999999,0.0,9.227350522582428,22.871270635686635,Hexagonal,Cu,29.0,1.9,135.0,63.546,1
mp-30,Cu,0.0,0.0,9.21899604714547,11.445998564977856,Cubic,Cu,29.0,1.9,135.0,63.546,1
mp-998890,Cu,0.033066179999998,0.0,9.209264324422124,11.4580939159638,Cubic,Cu,29.0,1.9,135.0,63.546,1
mp-1067210,ZrCu,0.024891506730771,0.0,7.2303868726776415,71.08931675809656,Monoclinic,"Cu, Zr",34.5,1.615,145.0,77.385,2
mp-32880,CuBr,0.001041819999999,0.4449,5.134752715060553,46.39061359373776,Tetragonal,"Br, Cu",32.0,2.4299999999999997,125.0,71.725,2
mp-1077372,Zr2Cu,0.044237781666669,0.0,6.992569168056965,116.8333519002447,Monoclinic,"Cu, Zr",34.5,1.615,145.0,77.385,2
mp-23219,CuBr2,0.008433290000001,0.0,4.619400709185497,80.28921196290247,Monoclinic,"Br, Cu",32.0,2.4299999999999997,125.0,71.725,2
mp-2360071,CuBr2,0.0,0.0,4.076179186911299,90.98914097601644,Monoclinic,"Br, Cu",32.0,2.4299999999999997,125.0,71.725,2
mp-2500,AlCu,0.0,0.0,5.511280106531164,136.37894603678083,Monoclinic,"Al, Cu",21.0,1.755,130.0,45.263769249999996,2
mp-30999,CuCl2,0.0,0.0,3.261091609729422,68.46259636386836,Monoclinic,"Cl, Cu",23.0,2.5300000000000002,117.5,49.498000000000005,2
mp-32829,CuCl4,0.09155172,0.0,2.752248397423521,123.90051056367945,Tetragonal,"Cl, Cu",23.0,2.5300000000000002,117.5,49.498000000000005,2
mp-33218,CuI4,0.0,0.0,5.364724317171609,176.79192444894747,Tetragonal,"Cu, I",41.0,2.2800000000000002,137.5,95.225235,2
mp-11359,Ga2Cu,0.0,0.0,7.41154853982418,45.47985409473733,Tetragonal,"Cu, Ga",30.0,1.855,132.5,66.6345,2
mp-1147667,CuI2,0.0931066309009,0.0,4.288140074608916,122.89250506737712,Tetragonal,"Cu, I",41.0,2.2800000000000002,137.5,95.225235,2
mp-1213016,CuI2,0.098419154234234,0.0,4.034207627984498,130.62795087514615,Tetragonal,"Cu, I",41.0,2.2800000000000002,137.5,95.225235,2
mp-2034504,ZnCu,0.002778430000001,0.0,8.557678266633443,25.022536330714708,Tetragonal,"Cu, Zn",29.5,1.775,135.0,64.463,2
mp-522,CuAu,0.0,0.0,14.86263662404068,58.21191880115012,Tetragonal,"Au, Cu",54.0,2.15,135.0,130.2562845,2
mp-985825,Al3Cu,0.056474247499999,0.0,4.136764462174224,57.99999359085728,Tetragonal,"Al, Cu",21.0,1.755,130.0,45.263769249999996,2
mp-2078,TiCu,0.0,0.0,6.553558170638885,56.4596007878481,Tetragonal,"Cu, Ti",25.5,1.72,137.5,55.7065,2
mp-22863,CuI,0.013425672499998,1.5721999999999992,5.770785054562077,109.60395949501547,Tetragonal,"Cu, I",41.0,2.2800000000000002,137.5,95.225235,2
mp-22917,CuBr,0.001819472499999,0.9962,5.306180220809305,89.78373111776392,Tetragonal,"Br, Cu",32.0,2.4299999999999997,125.0,71.725,2
mp-580226,CuSe,0.0538432525,0.0,6.108131817601714,77.48253878313065,Tetragonal,"Cu, Se",31.5,2.2249999999999996,125.0,71.2585,2
mp-1692,CuO,0.0,0.0,6.155599921960791,42.9164487435527,Tetragonal,"Cu, O",18.5,2.67,97.5,39.7725,2
mp-1184018,CuAu3,0.011761142499999,0.0,16.795736348245672,64.70288893024134,Tetragonal,"Au, Cu",54.0,2.15,135.0,130.2562845,2
mp-1184054,CuNi3,0.0430200825,0.0,9.297002557231613,42.79967269358168,Tetragonal,"Cu, Ni",28.5,1.9049999999999998,135.0,61.119699999999995,2
mp-1184119,CuPd3,0.0107508675,0.0,11.189575369032706,56.80861846536989,Tetragonal,"Cu, Pd",37.5,2.05,137.5,84.983,2
mp-193,Zr2Cu,0.0,0.0,7.041590575522222,58.009996856272245,Tetragonal,"Cu, Zr",34.5,1.615,145.0,77.385,2
mp-30581,Hf2Cu,0.0,0.0,12.635812480611497,55.26354973948127,Tetragonal,"Cu, Hf",50.5,1.6,145.0,121.018,2
mp-742,Ti2Cu,0.0,0.0,5.792678466692911,45.65947584503994,Tetragonal,"Cu, Ti",25.5,1.72,137.5,55.7065,2
mp-975882,Li3Cu,0.059976963055556,0.0,2.381536341434381,58.82674056764356,Tetragonal,"Cu, Li",16.0,1.44,140.0,35.243,2
mp-1229,CuF2,0.0,0.0,4.952617617703766,68.09158710604335,Monoclinic,"Cu, F",19.0,2.94,92.5,41.2722015815,2
mp-927,CuP2,0.0,0.8679000000000001,4.365565051390864,190.9369318786468,Monoclinic,"Cu, P",22.0,2.045,117.5,47.259880999,2
mp-1034,Th2Cu,0.005113646666666,0.0,11.418119465737002,153.46435028839687,Tetragonal,"Cu, Th",59.5,1.6,157.5,147.79185,2
mp-1052023,Mg2Cu,0.0092024,0.0,3.50801250552495,106.17945019310596,Tetragonal,"Cu, Mg",20.5,1.605,142.5,43.9255,2
mp-998,Al2Cu,0.047588876666665,0.0,4.533902325917433,86.07526115209427,Tetragonal,"Al, Cu",21.0,1.755,130.0,45.263769249999996,2
mp-704645,CuO,0.000264654999999,0.0,5.938478413978436,44.485551705434986,Monoclinic,"Cu, O",18.5,2.67,97.5,39.7725,2
mp-570136,CuI,0.000344908333333,1.4615,5.741435282416863,330.4927393216617,Trigonal,"Cu, I",41.0,2.2800000000000002,137.5,95.225235,2
mp-1244987,Zn,0.058374756800001,0.0,6.7334943798243945,1613.043594907879,Triclinic,Zn,30.0,1.65,135.0,65.38,1
mp-1245093,Zn,0.055068915200001,0.0,6.725669426370674,1614.9202840891055,Triclinic,Zn,30.0,1.65,135.0,65.38,1
mp-1245184,Zn,0.0488518927,0.0,6.7792829884687045,1602.1487816925169,Triclinic,Zn,30.0,1.65,135.0,65.38,1
mp-1245266,Zn,0.0523159748,0.0,6.690725760909228,1623.3545311604494,Triclinic,Zn,30.0,1.65,135.0,65.38,1
mp-1187812,Zn,0.007402094999999,0.0,7.519442999574767,43.333342568079175,Trigonal,Zn,30.0,1.65,135.0,65.38,1
mp-79,Zn,0.0,0.0,7.5308573201351905,28.845108913918352,Hexagonal,Zn,30.0,1.65,135.0,65.38,1
mp-2646972,Zn,0.005205379999999,0.0,7.160073454618153,15.169425355152562,Cubic,Zn,30.0,1.65,135.0,65.38,1
mp-2647117,Zn,0.071662429999999,0.0,7.029542496743742,15.451105083659735,Cubic,Zn,30.0,1.65,135.0,65.38,1
mp-1215724,ZnAg,0.010839887046781,0.0,8.78710194890394,294.7049043720914,Triclinic,"Ag, Zn",38.5,1.79,147.5,86.6241,2
mp-1094458,Mg2Zn,0.0801887782,0.0,3.164255769743937,119.66984821204063,Monoclinic,"Mg, Zn",21.0,1.48,142.5,44.8425,2
mp-1094489,Mg2Zn,0.089705956533333,0.0,3.167814477147044,119.53541168558584,Monoclinic,"Mg, Zn",21.0,1.48,142.5,44.8425,2
mp-1094503,Mg2Zn,0.058884221533333,0.0,3.315623853409557,114.20656395626332,Monoclinic,"Mg, Zn",21.0,1.48,142.5,44.8425,2
mp-22909,ZnCl2,0.0,4.0533,2.926450984350554,154.69685573005597,Tetragonal,"Cl, Zn",23.5,2.4050000000000002,117.5,50.415,2
mp-1094862,MgZn,0.0532565473,0.0,4.301303488610034,34.6345246773306,Tetragonal,"Mg, Zn",21.0,1.48,142.5,44.8425,2
mp-1215509,ZnPd2,0.038104776666668,0.0,10.74998793496907,85.96164712694868,Tetragonal,"Pd, Zn",38.0,1.925,137.5,85.9,2
mp-1652,ZnPd,0.0,0.0,10.192877347918426,55.98591203161702,Tetragonal,"Pd, Zn",38.0,1.925,137.5,85.9,2
mp-894,ZnPt,0.0,0.0,15.229981029964447,56.80359052644776,Tetragonal,"Pt, Zn",54.0,1.925,135.0,130.232,2
mp-1093993,ZnO,0.0328996925,0.7376,5.450391709469147,99.20889048362784,Tetragonal,"O, Zn",19.0,2.545,97.5,40.689499999999995,2
mp-1873,ZnF2,0.0,3.4592,4.95609014470292,69.29227525209552,Tetragonal,"F, Zn",19.5,2.815,92.5,42.1892015815,2
mp-567279,ZnCl2,0.001596425,3.8828,3.061692456144388,147.8635663809495,Tetragonal,"Cl, Zn",23.5,2.4050000000000002,117.5,50.415,2
mp-1014229,Ti2Zn,0.0,0.0,5.540104326272281,48.29949601132704,Tetragonal,"Ti, Zn",26.0,1.595,137.5,56.62349999999999,2
mp-1014231,Hf2Zn,0.0,0.0,12.042921594000443,58.241136116964206,Tetragonal,"Hf, Zn",51.0,1.475,145.0,121.935,2
mp-1018105,Zr2Zn,0.016274941666665,0.0,6.717491841126622,61.26933104860293,Tetragonal,"Zn, Zr",35.0,1.49,145.0,78.30199999999999,2
mp-1018178,Ba2Zn,0.0,0.0,4.30318879913481,131.2254523247343,Tetragonal,"Ba, Zn",43.0,1.27,175.0,101.3535,2
mp-1094433,Mg3Zn,0.06394395365,0.0,2.906654383751529,79.02295062405095,Tetragonal,"Mg, Zn",21.0,1.48,142.5,44.8425,2
mp-1185085,La3Zn,0.096919905,0.0,6.619268585939723,120.94811804526351,Tetragonal,"La, Zn",43.5,1.375,165.0,102.142735,2
mp-1186091,Na3Zn,0.090684705308356,0.0,1.915468027675869,116.49394646522404,Tetragonal,"Na, Zn",20.5,1.29,157.5,44.18488464,2
mp-1187474,Ti3Zn,0.011189639166667,0.0,5.370466920629294,64.62552985418957,Tetragonal,"Ti, Zn",26.0,1.595,137.5,56.62349999999999,2
mp-1187946,ZnAg3,0.008652792777777,0.0,9.783331397335909,66.02784409558178,Tetragonal,"Ag, Zn",38.5,1.79,147.5,86.6241,2
mp-1187951,ZnCo3,0.076358853522727,0.0,8.8031677006385,45.687737793434856,Tetragonal,"Co, Zn",28.5,1.765,135.0,62.156597,2
mp-865425,ZnPd3,0.011163510625002,0.0,10.93803813701244,58.397849249447056,Tetragonal,"Pd, Zn",38.0,1.925,137.5,85.9,2
mp-971779,ZnRh3,0.015515012499999,0.0,11.379372626226402,54.59439891523049,Tetragonal,"Rh, Zn",37.5,1.9649999999999999,135.0,84.14275,2
mp-971804,ZnNi3,0.0114265975,0.0,9.078880563251134,44.16868885632551,Tetragonal,"Ni, Zn",29.0,1.7799999999999998,135.0,62.036699999999996,2
mp-971832,ZnIn3,0.091540632500002,0.0,6.884273786016664,98.86206513696438,Tetragonal,"In, Zn",39.5,1.7149999999999999,145.0,90.09899999999999,2
mp-972088,Zr3Zn,0.040938085,0.0,6.843042928755833,82.28170612166052,Tetragonal,"Zn, Zr",35.0,1.49,145.0,78.30199999999999,2
mp-976414,Li3Zn,0.025022655416666,0.0,2.241224119570164,63.88990888537882,Tetragonal,"Li, Zn",16.5,1.315,140.0,36.16,2
mp-1244953,Al,0.0957236282,0.0,2.532974864040623,1768.8252505357063,Triclinic,Al,13.0,1.61,125.0,26.9815385,1
mp-1245129,Al,0.0947504108,0.0,2.550587009119748,1756.6112751564451,Triclinic,Al,13.0,1.61,125.0,26.9815385,1
mp-1183144,Al,0.0104807275,0.0,2.818666903640435,63.58168668601001,Hexagonal,Al,13.0,1.61,125.0,26.9815385,1
mp-2647008,Al,0.032078225,0.0,2.687793839839777,33.338791331960074,Hexagonal,Al,13.0,1.61,125.0,26.9815385,1
mp-134,Al,0.0,0.0,2.720050209019067,16.471717630914863,Cubic,Al,13.0,1.61,125.0,26.9815385,1
mp-1251148,AlF3,0.0361508475,7.4507,2.726775486958584,102.27953987342649,Monoclinic,"Al, F",11.0,2.795,87.5,22.9899708315,2
mp-1399,AlAu,0.0,0.0,10.805918253835348,137.65589293772447,Monoclinic,"Al, Au",46.0,2.005,130.0,111.97405375,2
mp-570987,Ce3Al,0.010923484999999,0.0,7.209541531657666,412.1250546807857,Monoclinic,"Al, Ce",35.5,1.3650000000000002,155.0,83.54876925,2
mp-1228956,AlAu4,0.0717559805,0.0,14.968187302681958,90.39749450720004,Monoclinic,"Al, Au",46.0,2.005,130.0,111.97405375,2
mp-25469,AlCl3,0.0,5.263,2.40641043516053,184.0227837044055,Monoclinic,"Al, Cl",15.0,2.3850000000000002,112.5,31.21576925,2
mp-1039141,MgAl,0.02454345875,0.0,2.265505608554158,37.59129997931893,Tetragonal,"Al, Mg",12.5,1.46,137.5,25.64326925,2
mp-1953,TiAl,0.0,0.0,3.868788488640576,32.12605775377784,Tetragonal,"Al, Ti",17.5,1.5750000000000002,132.5,37.424269249999995,2
mp-1079182,AlPt3,0.013525094375005,0.0,16.84067881414494,120.73595369257411,Tetragonal,"Al, Pt",45.5,1.9050000000000002,130.0,111.03276925,2
mp-555026,AlF3,0.01519311575,7.4176,2.951076850618678,472.528091035301,Tetragonal,"Al, F",11.0,2.795,87.5,22.9899708315,2
mp-607111,AlPt3,0.0,0.0,17.220857989024434,236.14101210892144,Tetragonal,"Al, Pt",45.5,1.9050000000000002,130.0,111.03276925,2
mp-1228815,AlRe,0.0,0.0,12.52322873576359,56.53620234304166,Tetragonal,"Al, Re",44.0,1.755,130.0,106.59426925,2
mp-1323,AlF3,0.01377223765625,7.4026,2.875641834284692,775.8778268396874,Tetragonal,"Al, F",11.0,2.795,87.5,22.9899708315,2
mp-1193531,Ta2Al,0.0,0.0,12.66965539587097,509.6791714237322,Tetragonal,"Al, Ta",43.0,1.5550000000000002,135.0,103.96470925,2
mp-18427,Nb2Al,0.0,0.0,6.8271069171903545,517.5739156586486,Tetragonal,"Al, Nb",27.0,1.605,135.0,59.94395425,2
mp-1018166,AlTc2,0.0,0.0,8.861367365024536,41.78469763451124,Tetragonal,"Al, Tc",28.0,1.855,130.0,62.44437425,2
mp-1018179,AlAu2,0.015901574166669,0.0,14.216788466360812,49.163372294201366,Tetragonal,"Al, Au",46.0,2.005,130.0,111.97405375,2
mp-10909,AlRe2,0.0,0.0,15.507390075763247,42.7674735484724,Tetragonal,"Al, Re",44.0,1.755,130.0,106.59426925,2
mp-1094961,Mg3Al,0.045159970520833,0.0,2.021071305231785,82.076324835254,Tetragonal,"Al, Mg",12.5,1.46,137.5,25.64326925,2
mp-862848,Pa3Al,0.0,0.0,13.131459184676148,91.05889876249074,Tetragonal,"Al, Pa",52.0,1.5550000000000002,152.5,129.00870924999998,2
mp-975868,Li3Al,0.059411758124999,0.0,1.193074196005416,66.5350941055197,Tetragonal,"Al, Li",8.0,1.295,135.0,16.96076925,2
mp-23288,AlBr3,0.0,4.0992,3.141176611644674,563.9352311657797,Monoclinic,"Al, Br",24.0,2.285,120.0,53.44276925,2
mp-30930,AlI3,0.0,3.2639,3.7331499892699993,725.3856847943193,Monoclinic,"Al, I",33.0,2.1350000000000002,132.5,76.94300425,2
mp-1080448,AlPt3,0.002414845625004,0.0,16.826103594812515,120.84053839315338,Tetragonal,"Al, Pt",45.5,1.9050000000000002,130.0,111.03276925,2
mp-12772,Hf2Al,0.037185234444436,0.0,10.543519126838898,120.94313620471436,Tetragonal,"Al, Hf",42.5,1.455,140.0,102.73576925,2
mp-12773,Zr2Al,0.043625434333328,0.0,5.518459958395972,126.03731228173896,Tetragonal,"Al, Zr",26.5,1.4700000000000002,140.0,59.10276925,2
mp-1651,Th2Al,0.0,0.0,9.62983428642046,169.35295079964004,Tetragonal,"Al, Th",51.5,1.455,152.5,129.50961925000001,2
mp-1228988,AlAg3,0.0,0.0,8.683933897840129,335.1948472906604,Trigonal,"Ag, Al",30.0,1.77,142.5,67.42486925,2
mp-669546,AlPd,0.007942607692307,0.0,7.726936450930941,372.6884621551497,Trigonal,"Al, Pd",29.5,1.9050000000000002,132.5,66.70076925000001,2
mp-1183007,AlF3,0.009294764999999,7.4905,3.025755973150855,92.17311132128025,Monoclinic,"Al, F",11.0,2.795,87.5,22.9899708315,2
mp-1103295,AlF3,0.002904201249999,7.4257,2.902761552438926,144.11793929987138,Trigonal,"Al, F",11.0,2.795,87.5,22.9899708315,2
mp-1025044,AlNi2,0.0275758575,0.0,7.148100740005991,67.07495457744089,Trigonal,"Al, Ni",20.5,1.76,130.0,42.83746925,2
mp-1038779,MgAl,0.07534956875,0.0,2.198716849891578,38.73318246512205,Trigonal,"Al, Mg",12.5,1.46,137.5,25.64326925,2
mp-1079297,Si,0.08220610625,0.2735,2.231027796342244,167.23079840226276,Monoclinic,Si,14.0,1.9,110.0,28.085,1
mp-1203790,Si,0.084393196617646,1.359999999999999,2.00791585028713,1579.409195104524,Hexagonal,Si,14.0,1.9,110.0,28.085,1
mp-165,Si,0.01360687,0.438899999999999,2.317290669455944,80.50275361604727,Hexagonal,Si,14.0,1.9,110.0,28.085,1
mp-971662,Si,0.091849948260868,1.4428,2.033231711125001,1055.1208729391324,Cubic,Si,14.0,1.9,110.0,28.085,1
mp-149,Si,0.0,0.6105,2.312800253345134,40.32952684741405,Cubic,Si,14.0,1.9,110.0,28.085,1
mp-556985,SiO2,0.053084267222223,5.6098,1.956224705325687,204.00995306334,Triclinic,"O, Si",11.0,2.67,85.0,22.042,2
mp-556994,SiO2,0.088277768055556,5.3836,2.320045639110383,172.01787050528444,Triclinic,"O, Si",11.0,2.67,85.0,22.042,2
mp-557004,SiO2,0.020841848333333,5.5806,1.790678150075335,668.6114592363509,Triclinic,"O, Si",11.0,2.67,85.0,22.042,2
mp-557873,SiO2,0.065522978888891,5.6607,2.033581162327374,196.24951180118808,Triclinic,"O, Si",11.0,2.67,85.0,22.042,2
mp-733790,SiO2,0.006573497500003,5.5868,2.254998357567127,1061.8792044143463,Triclinic,"O, Si",11.0,2.67,85.0,22.042,2
mp-560708,SiO2,0.015350694722222,5.819199999999999,1.770509671361885,1577.8649602376963,Monoclinic,"O, Si",11.0,2.67,85.0,22.042,2
mp-1192532,SiH2,0.040251182833333,4.0154,0.9276544243991692,538.8269180190274,Monoclinic,"H, Si",7.5,2.05,67.5,14.5465,2
mp-557894,SiO2,0.021515728680556,5.9287,1.645014779845564,1940.8424298889604,Monoclinic,"O, Si",11.0,2.67,85.0,22.042,2
mp-559360,SiO2,0.017097599722223,5.7962,1.717090878852131,1394.5306514526335,Monoclinic,"O, Si",11.0,2.67,85.0,22.042,2
mp-600001,SiO2,0.036622150222223,5.7968,1.6270879414514412,306.59783358024345,Tetragonal,"O, Si",11.0,2.67,85.0,22.042,2
mp-558200,SiO2,0.07261927013889,5.642899999999999,2.413310250887983,330.74016087901987,Tetragonal,"O, Si",11.0,2.67,85.0,22.042,2
mp-600067,SiO2,0.033440892103175,5.8489,1.372429634637766,2035.532534198896,Tetragonal,"O, Si",11.0,2.67,85.0,22.042,2
mp-639682,SiO2,0.034761362555556,5.7946,1.58982169377308,627.5692926413844,Tetragonal,"O, Si",11.0,2.67,85.0,22.042,2
mp-644923,SiO2,0.016849102430557,5.72,1.699283382944712,2818.289033980328,Tetragonal,"O, Si",11.0,2.67,85.0,22.042,2
mp-972825,SiH8,0.001566776388888,6.98,0.505053431237369,118.85249404650182,Tetragonal,"H, Si",7.5,2.05,67.5,14.5465,2
mp-1067235,BaSi,0.000715402499999,0.0,4.286153703730487,128.16802071979262,Monoclinic,"Ba, Si",35.0,1.395,162.5,82.706,2
mp-1078181,SiBr3,0.004102783359373,3.8434,3.067005002968582,289.9820575821661,Monoclinic,"Br, Si",24.5,2.4299999999999997,112.5,53.9945,2
mp-1199998,SiO2,0.026448057397661,5.5867,1.51396018465205,2504.259019772263,Monoclinic,"O, Si",11.0,2.67,85.0,22.042,2
mp-1248957,SiO2,0.021579928680557,5.7415,1.630401858383801,1958.2377596671904,Monoclinic,"O, Si",11.0,2.67,85.0,22.042,2
mp-1249637,SiO2,0.0200612146627,5.6978,1.529545904977355,3652.881764598279,Monoclinic,"O, Si",11.0,2.67,85.0,22.042,2
mp-13363,SiPt3,0.0451005675,0.0,17.069395348068234,119.3329768269781,Monoclinic,"Pt, Si",46.0,2.05,122.5,111.5845,2
mp-17279,SiO2,0.020339974513889,5.7151,1.6805139235541442,949.9220559167986,Monoclinic,"O, Si",11.0,2.67,85.0,22.042,2
mp-18280,SiO2,0.015797593611113,5.7361,1.709287612182695,700.448492349192,Monoclinic,"O, Si",11.0,2.67,85.0,22.042,2
mp-1863,SiAs,0.0,1.451899999999999,3.55907857134658,288.35662420758007,Monoclinic,"As, Si",23.5,2.04,112.5,51.5032975,2
mp-558351,SiO2,0.020171367222223,5.626799999999999,1.761935939556042,679.5184229264298,Monoclinic,"O, Si",11.0,2.67,85.0,22.042,2
mp-558564,SiO2,0.065499767777778,5.683,1.741105325539145,687.6481930085286,Monoclinic,"O, Si",11.0,2.67,85.0,22.042,2
mp-615993,SiO2,0.017484032222222,5.5053,1.8140142435890487,770.0119175130222,Monoclinic,"O, Si",11.0,2.67,85.0,22.042,2
mp-662706,SiO2,0.014375648769842,5.611800000000001,1.847296768491363,1512.2774098096618,Monoclinic,"O, Si",11.0,2.67,85.0,22.042,2
mp-667383,SiO2,0.014114933531747,5.5383,1.744532123123708,1601.3606944661433,Monoclinic,"O, Si",11.0,2.67,85.0,22.042,2
mp-680204,SiO2,0.013950562373739,5.6096,2.020047510623644,1086.6037532225982,Monoclinic,"O, Si",11.0,2.67,85.0,22.042,2
mp-557930,SiO2,0.03198936263889,5.8743,2.311617456409678,345.2900991106816,Tetragonal,"O, Si",11.0,2.67,85.0,22.042,2
mp-560131,SiO2,0.097420526805557,5.7724,1.851093610886656,431.1930071690753,Tetragonal,"O, Si",11.0,2.67,85.0,22.042,2
mp-546794,SiO2,0.005647450555557,5.689599999999999,2.223612886125405,89.73893630609501,Tetragonal,"O, Si",11.0,2.67,85.0,22.042,2
mp-7583,SiS2,0.01953703,3.2415,2.28489591718836,134.03449946593685,Tetragonal,"S, Si",15.0,2.24,105.0,30.0725,2
mp-568348,P,0.0,1.8454,2.232614319007421,1935.1232668474008,Monoclinic,P,15.0,2.19,100.0,30.973761998,1
mp-1198724,P,0.002171018690477,1.9259,2.148363034856064,1005.506016560507,Triclinic,P,15.0,2.19,100.0,30.973761998,1
mp-1014013,P,0.053987197023809,0.8832000000000001,0.388033321298891,530.1930428902824,Orthorhombic,P,15.0,2.19,100.0,30.973761998,1
mp-1094075,P,0.08636613702381,1.305899999999999,0.759669675034456,677.0461363781266,Monoclinic,P,15.0,2.19,100.0,30.973761998,1
mp-157,P,0.020214559523809,0.010399999999999,2.514125107150334,81.83068009510166,Orthorhombic,P,15.0,2.19,100.0,30.973761998,1
mp-7245,P,0.093512971666665,0.0,3.251663918351236,31.63496790077238,Orthorhombic,P,15.0,2.19,100.0,30.973761998,1
mp-696588,PH3,0.029298753541667,0.0,0.5707185863796971,395.6718034297767,Triclinic,"H, P",8.0,2.1950000000000003,62.5,15.990880999,2
mp-7526,SnP,0.010658192499999,0.0,5.551903769637845,44.76946012572369,Tetragonal,"P, Sn",32.5,2.075,122.5,74.841880999,2
mp-1067587,TaP,0.0,0.0,11.16717678534869,63.0247326362231,Tetragonal,"P, Ta",44.0,1.845,122.5,105.96082099899999,2
mp-9339,NbP,0.0,0.1162,6.387205680425864,64.41246005193307,Tetragonal,"Nb, P",28.0,1.895,122.5,61.940065999,2
mp-1095275,GeP,0.0,0.4889,3.814043347529472,270.6650406842001,Monoclinic,"Ge, P",23.5,2.0999999999999996,112.5,51.801880999,2
mp-1228799,AsP,0.059072495833333,0.458199999999999,3.811700291702115,92.26506394301332,Monoclinic,"As, P",24.0,2.185,107.5,52.947678499,2
mp-569410,PCl5,0.0,1.7516,2.194878120865734,472.63025157637736,Monoclinic,"Cl, P",16.0,2.675,100.0,33.211880999,2
mp-10004,Mo3P,0.0,0.0,9.144741152243927,231.5514401889818,Tetragonal,"Mo, P",28.5,2.175,122.5,63.461880999,2
mp-1209828,PW3,0.057999603124997,0.0,16.292981251791442,237.4651103819201,Tetragonal,"P, W",44.5,1.9449999999999998,117.5,107.40688099900001,2
mp-567846,Ta3P,0.000187033750002,0.0,14.919586518568671,510.92365699546446,Tetragonal,"P, Ta",44.0,1.845,122.5,105.96082099899999,2
mp-1618,PPd6,0.0,0.0,10.540980316328554,421.8660933931872,Monoclinic,"P, Pd",30.5,2.1950000000000003,120.0,68.696880999,2
mp-28885,PSe,0.0,2.2667,3.169265900767657,921.5979334272434,Monoclinic,"P, Se",24.5,2.37,107.5,54.972380999,2
mp-9588,LiP,0.0,0.8094999999999991,2.026625484183503,248.52719555021827,Monoclinic,"Li, P",9.0,1.585,122.5,18.956880999,2
mp-562065,PO2,0.021671800857143,4.5183,2.499574783534377,334.6758017042621,Monoclinic,"O, P",11.5,2.815,80.0,23.486380999,2
mp-612,PS,0.026489451484373,2.4974,2.065305843722483,405.47341626624575,Monoclinic,"P, S",15.5,2.385,100.0,31.516880999,2
mp-1228795,AsP,0.083086605833333,0.0,4.494692209277933,39.12245319262876,Trigonal,"As, P",24.0,2.185,107.5,52.947678499,2
mp-1218948,SnP,0.0245162575,0.0,4.888076654824982,101.69878747351852,Trigonal,"P, Sn",32.5,2.075,122.5,74.841880999,2
mp-7540,Cu3P,0.059430067187498,0.0,7.392194051428752,99.56312993378084,Trigonal,"Cu, P",22.0,2.045,117.5,47.259880999,2
mp-14012,Cu3P,0.026024493854166,0.0,7.492538115855721,294.6891822734753,Trigonal,"Cu, P",22.0,2.045,117.5,47.259880999,2
mp-359,Cu3P,0.068513934062499,0.0,7.367040864827103,299.70920088905825,Trigonal,"Cu, P",22.0,2.045,117.5,47.259880999,2
mp-28395,B6P,0.0,2.4757,2.6073925513727563,122.07265749137632,Trigonal,"B, P",10.0,2.115,92.5,20.891880999,2
mp-27529,PI3,0.0,2.2746,3.905252359286758,350.1042029708565,Hexagonal,"I, P",34.0,2.425,120.0,78.939115999,2
mp-7463,Cu3P,0.025262583854166,0.0,7.509347797265637,294.02952028914564,Hexagonal,"Cu, P",22.0,2.045,117.5,47.259880999,2
mp-1008559,BP,0.014076364999999,1.0624,2.979764368566962,46.57095065738511,Hexagonal,"B, P",10.0,2.115,92.5,20.891880999,2
mp-8880,AlP,0.004434354999999,1.9532999999999991,2.347986071086355,81.97411556050663,Hexagonal,"Al, P",14.0,1.9,112.5,28.977650249,2
mp-8882,GaP,0.008458759999999,1.3002,4.131501206922352,80.94438258953409,Hexagonal,"Ga, P",23.0,2.0,115.0,50.348380999,2
mp-966800,InP,0.003933715000002,0.527999999999999,4.704869604456656,102.91163698144938,Hexagonal,"In, P",32.0,1.9849999999999999,127.5,72.895880999,2
mp-1185593,Mg149P,0.0160183942,0.000299999999999,1.7656751270282771,3434.937689863417,Hexagonal,"Mg, P",13.5,1.75,125.0,27.639380999,2
mp-1187244,TaP,0.003252249999999,0.0,11.12875949461362,31.621149308630745,Hexagonal,"P, Ta",44.0,1.845,122.5,105.96082099899999,2
mp-219,MoP,0.0,0.0,7.308129077004535,28.837101489257638,Hexagonal,"Mo, P",28.5,2.175,122.5,63.461880999,2
mp-13446,Co2P,0.021158108611109,0.0,7.824430474983884,94.76276434363405,Hexagonal,"Co, P",21.0,2.035,117.5,44.953477999,2
mp-1345,CaP,0.0,0.3443,2.438949924979277,290.25005887179367,Hexagonal,"Ca, P",17.5,1.595,140.0,35.525880999,2
mp-1849,Mn2P,0.0,0.0,6.7747396077434665,103.57003898873002,Hexagonal,"Mn, P",20.0,1.87,120.0,42.955902999,2
mp-21167,Ni2P,0.002234260314008,0.0,7.553723583612449,97.84254338278858,Hexagonal,"Ni, P",21.5,2.05,117.5,44.833580999,2
mp-96,S,0.000947845625001,2.748,1.8948374962445031,899.2042490263103,Monoclinic,S,16.0,2.58,100.0,32.06,1
mp-556269,S,0.031339838715279,2.3783,1.951096882146262,1964.870823542651,Monoclinic,S,16.0,2.58,100.0,32.06,1
mp-557488,S,0.012285684965277,2.4187,1.9296226153023,993.3686792517286,Monoclinic,S,16.0,2.58,100.0,32.06,1
mp-557559,S,0.030134763973215,2.496299999999999,1.9967415772703832,746.6490425344975,Monoclinic,S,16.0,2.58,100.0,32.06,1
mp-583072,S,0.026070752379808,2.4672,1.891140539338963,2928.126783960359,Monoclinic,S,16.0,2.58,100.0,32.06,1
mp-83,S,0.028929664687501,2.5729,1.995403131603992,1494.2997364741343,Monoclinic,S,16.0,2.58,100.0,32.06,1
mp-7,S,0.051236192187499,2.1651,2.090794644321832,152.79889506945906,Trigonal,S,16.0,2.58,100.0,32.06,1
mp-557031,S,0.0336984834375,2.0442,1.9948892690195832,854.1055156784778,Monoclinic,S,16.0,2.58,100.0,32.06,1
mp-557376,S,0.026719425187501,2.1627,1.928605736673433,552.1624687973816,Monoclinic,S,16.0,2.58,100.0,32.06,1
mp-555760,S,0.029379828298612,2.2718,2.054793093048255,233.2140733904172,Trigonal,S,16.0,2.58,100.0,32.06,1
mp-555915,S,0.013625012604167,2.574799999999999,1.950386762598011,1965.586216616651,Orthorhombic,S,16.0,2.58,100.0,32.06,1
mp-561513,S,0.018545667901785,2.4646,1.866915008707064,798.5715364141056,Triclinic,S,16.0,2.58,100.0,32.06,1
mp-561370,S,0.027740434687499,2.4117,1.888966053151486,2480.4978859920143,Orthorhombic,S,16.0,2.58,100.0,32.06,1
mp-1196831,S,0.010508632,2.3162000000000003,1.650829825410852,2580.287049595476,Monoclinic,S,16.0,2.58,100.0,32.06,1
mp-1977409,S,0.0063238905625,2.5977,1.930321848917389,2206.6863212383805,Monoclinic,S,16.0,2.58,100.0,32.06,1
mp-557869,S,0.0003716303125,2.3843,1.8882349578149424,1353.5227071072102,Monoclinic,S,16.0,2.58,100.0,32.06,1
mp-666931,S,0.0207263703125,2.603399999999999,1.4696555619989131,1159.350511707649,Monoclinic,S,16.0,2.58,100.0,32.06,1
mp-558014,S,0.010299026770834,2.1763,1.9221986817008632,664.8035179939542,Orthorhombic,S,16.0,2.58,100.0,32.06,1
mp-558964,S,0.013946019062501,2.5982000000000003,1.8680217915497672,2280.281118166013,Orthorhombic,S,16.0,2.58,100.0,32.06,1
mp-77,S,0.0,2.5807,1.9196195297959864,887.5956414230244,Orthorhombic,S,16.0,2.58,100.0,32.06,1
mp-994911,S,0.0421966871875,3.3265,0.073554033428319,5791.136965649507,Tetragonal,S,16.0,2.58,100.0,32.06,1
mp-1195198,H3S,0.010304153125,4.3472,1.041383987350392,447.6070853299238,Triclinic,"H, S",8.5,2.39,62.5,16.534000000000002,2
mp-32868,Ag2S,0.057333213888888,0.6242999999999991,6.338404497074927,194.75748462317284,Triclinic,"Ag, S",31.5,2.255,130.0,69.9641,2
mp-33024,H2S,0.008091198749999,4.0901,1.228520214773911,184.26276420537872,Triclinic,"H, S",8.5,2.39,62.5,16.534000000000002,2
mp-723352,Li2S,0.081990143030304,1.9206999999999992,1.6511715701994891,508.2843531047319,Triclinic,"Li, S",9.5,1.78,122.5,19.5,2
mp-1078696,PbS,0.0826696325,0.7479999999999991,6.490216639031639,244.8663284246417,Monoclinic,"Pb, S",49.0,2.19,140.0,119.63,2
mp-1087486,PbS,0.081897287499999,1.223799999999999,6.288228057126069,252.73185142819543,Monoclinic,"Pb, S",49.0,2.19,140.0,119.63,2
mp-2025704,Ag2S,0.013338436666664,1.0891,6.046580348456434,136.10466800899007,Monoclinic,"Ag, S",31.5,2.255,130.0,69.9641,2
mp-556225,Ag2S,2.027000000026646e-05,1.0853,6.697040973874489,122.88528831267232,Monoclinic,"Ag, S",31.5,2.255,130.0,69.9641,2
mp-7819,Pd4S,0.002573407999999,0.0,10.165853472077288,149.54050973262704,Tetragonal,"Pd, S",31.0,2.39,120.0,69.24000000000001,2
mp-1225993,Cu2S,0.061917154375001,1.2158,3.478881184761393,151.93759268382877,Monoclinic,"Cu, S",22.5,2.24,117.5,47.803,2
mp-2014814,Cu2S,0.072544916458332,0.9229,4.432904368398873,119.23849208518529,Monoclinic,"Cu, S",22.5,2.24,117.5,47.803,2
mp-726184,PbS,0.058972919999998,1.719399999999999,2.699717198511583,294.3337027960518,Monoclinic,"Pb, S",49.0,2.19,140.0,119.63,2
mp-727323,PbS,0.058041917499998,1.654,3.997078643102825,198.79963105335787,Monoclinic,"Pb, S",49.0,2.19,140.0,119.63,2
mp-975,SF6,0.0,5.9124,2.8028887884988443,259.5865349336243,Monoclinic,"F, S",12.5,3.2800000000000002,75.0,25.5292015815,2
mp-7945,V3S,0.012825134375001,0.0,6.122752172541642,200.57400927053612,Tetragonal,"S, V",19.5,2.105,117.5,41.50075,2
mp-2350391,PbS,0.059099277499999,1.6745,3.893559459289583,204.085173951622,Tetragonal,"Pb, S",49.0,2.19,140.0,119.63,2
mp-2766207,Ag2S,0.013546961666666,0.6684999999999991,6.087581006200281,135.18798519118562,Tetragonal,"Ag, S",31.5,2.255,130.0,69.9641,2
mp-1217152,Ti2O,0.06440852,0.0,4.970669312336571,111.97949255056866,Monoclinic,"O, Ti",15.0,2.49,100.0,31.933,2
mp-32959,H2O,0.025225045,5.275399999999999,1.647356170145688,36.31889299700384,Tetragonal,"H, O",4.5,2.8200000000000003,42.5,8.5035,2
mp-530033,B8O,0.022155400370371,2.4459,2.542099350741202,401.6782384637485,Monoclinic,"B, O",6.5,2.74,72.5,13.4045,2
mp-556859,HgO,0.000508464374999,1.214,9.877796448579687,291.2837185772689,Monoclinic,"Hg, O",44.0,2.67,105.0,108.2955,2
mp-1203,TiO,0.052573148,0.0,4.934842399291236,107.45292722857164,Monoclinic,"O, Ti",15.0,2.49,100.0,31.933,2
mp-1218065,Ta6O,0.03125975427619,0.0,15.785084753384506,231.7876400252598,Monoclinic,"O, Ta",40.5,2.4699999999999998,102.5,98.47344,2
mp-1287184,VO,0.026801248958333,1.9785,5.594731491792294,79.47332576473944,Monoclinic,"O, V",15.5,2.535,97.5,33.47025,2
mp-1975297,Na2O,0.098124611666667,1.6666999999999992,2.1778206941990232,94.51508033072896,Monoclinic,"Na, O",9.5,2.185,120.0,19.49438464,2
mp-551470,Tl2O,4.3133333335276816e-05,0.5194000000000001,9.872476803873909,142.89029008133875,Monoclinic,"O, Tl",44.5,2.62,125.0,110.1895,2
mp-758933,B8O,0.025976052222222,2.3536,2.533458900688488,403.0481761231931,Monoclinic,"B, O",6.5,2.74,72.5,13.4045,2
mp-998914,K2O,0.041150101666666,0.8801,2.149151487134136,145.56083093478628,Monoclinic,"K, O",13.5,2.13,140.0,27.548650000000002,2
mp-1219175,Sm2O,0.098146226805553,0.0,8.371442854907846,62.82369072635824,Tetragonal,"O, Sm",35.0,2.3049999999999997,122.5,83.1795,2
mp-1273331,VO,0.062567065208332,0.8225,5.163733621982276,86.10667221884472,Tetragonal,"O, V",15.5,2.535,97.5,33.47025,2
mp-19921,PbO,0.0,1.4635999999999991,8.81022542720316,84.13662656060738,Tetragonal,"O, Pb",45.0,2.62,120.0,111.59949999999999,2
mp-2097,SnO,0.0,0.4096,6.294342860686033,71.07659251782975,Tetragonal,"O, Sn",29.0,2.7,102.5,67.3545,2
mp-1336,PdO,0.0,0.0,8.117605863761803,50.08427352138736,Tetragonal,"O, Pd",27.0,2.8200000000000003,100.0,61.2095,2
mp-2803876,AgO,0.0,0.0,6.730482161807199,61.1210263814898,Tetragonal,"Ag, O",27.5,2.685,110.0,61.9336,2
mp-755073,CrO,0.005067494166667,0.0,4.800886276421006,94.07361691322753,Tetragonal,"Cr, O",16.0,2.55,100.0,33.99755,2
mp-1974672,K2O,0.071530355,1.390399999999999,2.267417016147211,551.8742675814266,Tetragonal,"K, O",13.5,2.13,140.0,27.548650000000002,2
mp-7599,BeO,0.01534663125,7.0846,2.912878239417336,57.033223656855846,Tetragonal,"Be, O",6.0,2.505,82.5,12.50559155,2
mp-776104,K2O,0.051067390416667,1.169,2.1409947642857032,584.4615437466448,Tetragonal,"K, O",13.5,2.13,140.0,27.548650000000002,2
mp-1079720,AgO,0.042348117499999,0.115999999999999,7.621574678691285,107.94986472338864,Monoclinic,"Ag, O",27.5,2.685,110.0,61.9336,2
mp-755459,Rb2O,0.018086263333333,0.306699999999999,3.343797460654141,185.66487597855013,Monoclinic,"O, Rb",22.5,2.13,147.5,50.733399999999996,2
mp-33104,Sm2O,0.071468046805553,0.0,7.975357339320386,131.88749155029794,Tetragonal,"O, Sm",35.0,2.3049999999999997,122.5,83.1795,2
mp-697085,H2O,0.020459285,5.2923,1.639998997223998,72.96364518850183,Tetragonal,"H, O",4.5,2.8200000000000003,42.5,8.5035,2
mp-936219,K2O,0.039456189999999,0.110999999999999,1.7791752852849272,175.829935846865,Tetragonal,"K, O",13.5,2.13,140.0,27.548650000000002,2
mp-776922,Rb2O,0.002575112222221,0.1921,2.9755505188420552,312.9634685574108,Trigonal,"O, Rb",22.5,2.13,147.5,50.733399999999996,2
mp-776952,Na2O,0.07951855111111,1.5089,2.505816977035073,123.21544215593173,Trigonal,"Na, O",9.5,2.185,120.0,19.49438464,2
mp-998929,K2O,0.059394456666666,1.853399999999999,2.671810555265089,175.62937367818262,Trigonal,"K, O",13.5,2.13,140.0,27.548650000000002,2
mp-1215377,Zr4O,0.0,0.0,6.611601408616027,286.99175263227033,Trigonal,"O, Zr",24.0,2.385,107.5,53.6115,2
mp-24043,H2O,0.005572493055555,5.4391,1.321090483136175,271.7307553201476,Trigonal,"H, O",4.5,2.8200000000000003,42.5,8.5035,2
mp-557812,Ti3O,0.004301608958332,0.0,4.890996522584021,325.1149715865706,Trigonal,"O, Ti",15.0,2.49,100.0,31.933,2
mp-753629,Zr2O,0.008804855277775,0.0,6.854541899733948,288.44786290793894,Trigonal,"O, Zr",24.0,2.385,107.5,53.6115,2
mp-1065190,AgO,0.0055116425,0.0,7.138368094620301,57.62857453119974,Monoclinic,"Ag, O",27.5,2.685,110.0,61.9336,2
mp-557835,TlF,0.00303393375,2.9859,8.759631974416461,84.69169618326497,Tetragonal,"F, Tl",45.0,2.89,120.0,111.6892015815,2
mp-706,HgF,0.0,1.7704,9.86323787350034,73.9382192262809,Tetragonal,"F, Hg",44.5,2.94,100.0,109.79520158150001,2
mp-29504,ClF,0.071231287708332,2.0897,2.430961145713511,148.7784901938438,Monoclinic,"Cl, F",13.0,3.5700000000000003,75.0,27.2242015815,2
mp-1391,Ag2F,0.0,0.0,8.762918242663323,44.481336035584704,Trigonal,"Ag, F",28.0,2.955,105.0,63.433301581500004,2
mp-1185301,LiF,0.024405554999999,0.0,2.208489907016897,39.00709914139489,Hexagonal,"F, Li",6.0,2.48,97.5,12.9692015815,2
mp-2064,RbF,0.051583325000001,5.905,4.530668967511548,38.28799075741165,Cubic,"F, Rb",23.0,2.4,142.5,52.233101581499994,2
mp-1138,LiF,0.0,8.7161,2.5304317804069383,17.02215120415618,Cubic,"F, Li",6.0,2.48,97.5,12.9692015815,2
mp-11718,RbF,0.0,5.5244,3.883571764177565,44.66769821355681,Cubic,"F, Rb",23.0,2.4,142.5,52.233101581499994,2
mp-1784,CsF,0.0,5.2626,4.642591754438939,54.33221336326164,Cubic,"Cs, F",32.0,2.385,155.0,75.9519275615,2
mp-2175,TlF,0.057131171250002,2.211699999999999,8.687402870625727,42.69792139851906,Cubic,"F, Tl",45.0,2.89,120.0,111.6892015815,2
mp-463,KF,0.0,5.949400000000001,2.579080538706912,37.40551869412881,Cubic,"F, K",14.0,2.4,135.0,29.0483515815,2
mp-682,NaF,0.0,6.204,2.918620456906104,23.889026260060263,Cubic,"F, Na",10.0,2.455,115.0,20.994086221499998,2
mp-7592,AgF,0.0,0.0,7.067923081136195,29.806061616982827,Cubic,"Ag, F",28.0,2.955,105.0,63.433301581500004,2
mp-632296,HF,0.030579284999999,6.8835000000000015,1.721541337771706,38.59484955081889,Orthorhombic,"F, H",5.0,3.09,37.5,10.003201581499999,2
mp-558134,TlF,0.006064926249997,3.1435,7.921891020860189,93.64785351136244,Orthorhombic,"F, Tl",45.0,2.89,120.0,111.6892015815,2
mp-720,TlF,0.0,3.205,8.620321740484021,172.12074263317166,Orthorhombic,"F, Tl",45.0,2.89,120.0,111.6892015815,2
mp-1536913,HF,0.0,6.9766,1.947792991229329,34.11175069732638,Orthorhombic,"F, H",5.0,3.09,37.5,10.003201581499999,2
mp-2216570,MnOF,0.057145592777756,0.144,4.37045565218281,273.366442877541,Triclinic,"F, Mn, O",14.0,2.99,83.33333333333333,29.978482387666663,3
mp-662619,InOF,0.014839850833334,1.434,6.288036462629004,158.25289531075356,Triclinic,"F, In, O",22.0,3.0666666666666664,88.33333333333333,49.938467721,3
mp-752592,Mn3O5F,0.071629846851831,0.0,4.679248912329929,187.2377608160536,Triclinic,"F, Mn, O",14.0,2.99,83.33333333333333,29.978482387666663,3
mp-752784,MnOF,0.076191651944423,0.0556,4.310780529118455,277.1507172125923,Triclinic,"F, Mn, O",14.0,2.99,83.33333333333333,29.978482387666663,3
mp-752996,MnOF,0.08473115736109,0.0,4.396452888128701,271.74996429901097,Triclinic,"F, Mn, O",14.0,2.99,83.33333333333333,29.978482387666663,3
mp-753016,V3O5F,0.098305421388875,0.9374,3.9548741204871263,105.7320092300499,Triclinic,"F, O, V",13.333333333333334,3.016666666666667,81.66666666666667,28.646301054333332,3
mp-754260,V6O11F,0.052591056249987,0.575499999999999,4.631514505636254,179.49498183281577,Triclinic,"F, O, V",13.333333333333334,3.016666666666667,81.66666666666667,28.646301054333332,3
mp-754441,Mn2O3F,0.078670429166642,0.0,4.643943788052083,252.9780981664735,Triclinic,"F, Mn, O",14.0,2.99,83.33333333333333,29.978482387666663,3
mp-754683,VO2F,0.023428217291664,1.704899999999999,3.376376132358767,300.8074795456275,Triclinic,"F, O, V",13.333333333333334,3.016666666666667,81.66666666666667,28.646301054333332,3
mp-755093,V2O3F,0.036632643333332,0.747599999999999,4.211684477229101,266.33636036287703,Triclinic,"F, O, V",13.333333333333334,3.016666666666667,81.66666666666667,28.646301054333332,3
mp-755126,Mn6O11F,0.064549437453701,0.0,4.818552232740203,180.79125940609487,Triclinic,"F, Mn, O",14.0,2.99,83.33333333333333,29.978482387666663,3
mp-759986,V3O5F,0.063622869166652,0.256199999999999,4.307121396245567,194.16995647047668,Triclinic,"F, O, V",13.333333333333334,3.016666666666667,81.66666666666667,28.646301054333332,3
mp-760369,MnOF,0.072387139027757,0.0,4.658949464305623,256.43890850173096,Triclinic,"F, Mn, O",14.0,2.99,83.33333333333333,29.978482387666663,3
mp-760929,MnOF,0.07536727236109,0.027599999999999,4.375736174826293,273.0365514869476,Triclinic,"F, Mn, O",14.0,2.99,83.33333333333333,29.978482387666663,3
mp-760933,VO2F,0.030711798541664,1.6182,3.40837553815659,297.9833598154973,Triclinic,"F, O, V",13.333333333333334,3.016666666666667,81.66666666666667,28.646301054333332,3
mp-760945,MnOF,0.083852556111089,0.1645,4.44825710769955,268.5851753765026,Triclinic,"F, Mn, O",14.0,2.99,83.33333333333333,29.978482387666663,3
mp-762980,VO2F,0.038947157291664,1.6307,3.227988634823726,314.6353067715545,Triclinic,"F, O, V",13.333333333333334,3.016666666666667,81.66666666666667,28.646301054333332,3
mp-763211,V3O5F,0.065240656944428,0.237699999999999,4.302327161977191,194.38632687285497,Triclinic,"F, O, V",13.333333333333334,3.016666666666667,81.66666666666667,28.646301054333332,3
mp-764002,VO2F,0.045330423124997,1.5828,3.320164412347311,305.9002712624136,Triclinic,"F, O, V",13.333333333333334,3.016666666666667,81.66666666666667,28.646301054333332,3
mp-766870,Mn5O9F,0.084842254666643,0.0,3.971451109077107,183.00366270670156,Triclinic,"F, Mn, O",14.0,2.99,83.33333333333333,29.978482387666663,3
mp-776095,Mn3O5F,0.076167309629608,0.0,4.697448328862082,186.5123418734541,Triclinic,"F, Mn, O",14.0,2.99,83.33333333333333,29.978482387666663,3
mp-776518,Mn4O7F,0.080816947986098,0.0,4.77490779500251,243.9536413171504,Triclinic,"F, Mn, O",14.0,2.99,83.33333333333333,29.978482387666663,3
mp-777061,MnOF,0.079619410694423,0.0588,4.412477621154481,270.7630537690223,Triclinic,"F, Mn, O",14.0,2.99,83.33333333333333,29.978482387666663,3
mp-2037040,HCl,0.027304434999999,5.1152,1.4834605528995342,40.8132290114619,Tetragonal,"Cl, H",9.0,2.68,62.5,18.229000000000003,2
mp-570687,AgCl,0.01127005,0.8720000000000001,5.433843026115748,87.59563002765415,Monoclinic,"Ag, Cl",32.0,2.545,130.0,71.6591,2
mp-1120780,AuCl,0.010198831250001,1.9497,7.317217863458515,210.9773312035387,Tetragonal,"Au, Cl",48.0,2.7800000000000002,117.5,116.20828449999999,2
mp-22897,HgCl,0.0,2.7243,6.920946901522058,113.267339996862,Tetragonal,"Cl, Hg",48.5,2.5300000000000002,125.0,118.02100000000002,2
mp-504825,SeCl,0.019181049570311,2.1951,2.983023567574934,509.51593756627807,Monoclinic,"Cl, Se",25.5,2.855,107.5,57.2105,2
mp-567998,ICl,0.0,1.852199999999999,3.599104829594085,599.2621717471073,Monoclinic,"Cl, I",35.0,2.91,120.0,81.177235,2
mp-568024,ICl,0.0058881875,1.4968,3.721820123202364,579.5033895061734,Monoclinic,"Cl, I",35.0,2.91,120.0,81.177235,2
mp-619575,ClF3,0.0,2.5175,2.497464466586691,491.74309619014207,Monoclinic,"Cl, F",13.0,3.5700000000000003,75.0,27.2242015815,2
mp-32780,AuCl,0.0,1.674399999999999,7.497045788439865,205.9167224305555,Tetragonal,"Au, Cl",48.0,2.7800000000000002,117.5,116.20828449999999,2
mp-1225654,CuCl,0.004516119999999,0.5569000000000001,4.207638995500521,39.06982210929388,Trigonal,"Cl, Cu",23.0,2.5300000000000002,117.5,49.498000000000005,2
mp-1067974,ZrCl,0.07851782,0.0,4.531606037129365,92.83777345876248,Trigonal,"Cl, Zr",28.5,2.245,127.5,63.337,2
mp-27440,ZrCl,0.0,0.0,4.519365844280167,93.08921410109588,Trigonal,"Cl, Zr",28.5,2.245,127.5,63.337,2
mp-27507,ScCl,0.021389462749999,0.0,2.547098788059759,104.84252931588208,Trigonal,"Cl, Sc",19.0,2.2600000000000002,130.0,40.202954000000005,2
mp-27923,TbCl,0.071820185833335,0.0,5.449802189193032,118.453049366198,Trigonal,"Cl, Tb",41.0,1.58,137.5,97.18767500000001,2
mp-540884,YCl,0.037110218333332,0.0,3.6192902255659503,114.11227938768486,Trigonal,"Cl, Y",28.0,2.19,140.0,62.17792,2
mp-568342,TbCl,0.072723243333335,0.0,5.505834354316715,117.2475679814762,Trigonal,"Cl, Tb",41.0,1.58,137.5,97.18767500000001,2
mp-1184046,CuCl,0.018927194999999,0.5736,4.271258036437935,76.97577886979161,Hexagonal,"Cl, Cu",23.0,2.5300000000000002,117.5,49.498000000000005,2
mp-1185319,LiCl,0.003852756249999,5.7373,1.660108131603423,84.81000959835224,Hexagonal,"Cl, Li",10.0,2.0700000000000003,122.5,21.195,2
mp-864928,BrCl,0.096000367499999,1.3235,2.401656937346041,159.51887392997472,Hexagonal,"Br, Cl",26.0,3.06,107.5,57.677,2
mp-1185584,Mg149Cl,0.019863973783332,0.0,1.801353180787078,3371.033545682663,Hexagonal,"Cl, Mg",14.5,2.2350000000000003,125.0,29.8775,2
mp-23256,BCl,0.099478199288194,0.9052,1.502002848545427,1636.7091064111823,Orthorhombic,"B, Cl",11.0,2.6,92.5,23.130000000000003,2
mp-1120767,NaCl,0.05877064,4.3847000000000005,2.049684089998776,284.0823192964595,Hexagonal,"Cl, Na",14.0,2.045,140.0,29.219884640000004,2
mp-23276,InCl,0.0,2.2049,4.257002267367651,1875.7302000224524,Cubic,"Cl, In",33.0,2.47,127.5,75.134,2
mp-1199460,BCl,0.011412763194443,0.0,1.8434931388811344,2000.2855081645728,Cubic,"B, Cl",11.0,2.6,92.5,23.130000000000003,2
mp-23287,CuCl,0.039558421249999,0.451,4.763668616212739,276.07580677604693,Cubic,"Cl, Cu",23.0,2.5300000000000002,117.5,49.498000000000005,2
mp-22914,CuCl,0.018326194999998,0.5646,4.280034689479288,38.40896604376199,Cubic,"Cl, Cu",23.0,2.5300000000000002,117.5,49.498000000000005,2
mp-22865,CsCl,0.0,4.988399999999999,3.92934015987069,71.14827813264381,Cubic,"Cl, Cs",36.0,1.975,180.0,84.17772597999999,2
mp-23167,TlCl,0.001307087499998,2.1732,7.04741623526128,56.51114287050939,Cubic,"Cl, Tl",49.0,2.48,145.0,119.91499999999999,2
mp-23289,KCl,0.07764382,4.8005,2.187678330748572,56.5875450589926,Cubic,"Cl, K",18.0,1.99,160.0,37.274150000000006,2
mp-23299,RbCl,0.029774040000001,4.7794,3.293021768961322,60.97551928053581,Cubic,"Cl, Rb",27.0,1.99,167.5,60.4589,2
mp-22862,NaCl,0.0,5.0037,2.224545046937431,43.625325465502776,Cubic,"Cl, Na",14.0,2.045,140.0,29.219884640000004,2
mp-22905,LiCl,0.0204618825,6.25,2.142565740411992,131.42540639011227,Cubic,"Cl, Li",10.0,2.0700000000000003,122.5,21.195,2
mp-22922,AgCl,0.0,0.9522,5.582622712233539,42.630581348524416,Cubic,"Ag, Cl",32.0,2.545,130.0,71.6591,2
mp-23193,KCl,0.0,5.027,1.995763838602472,62.02905560334427,Cubic,"Cl, K",18.0,1.99,160.0,37.274150000000006,2
mp-23295,RbCl,0.0,4.8388,2.771692542119795,72.44443938610804,Cubic,"Cl, Rb",27.0,1.99,167.5,60.4589,2
mp-569639,TlCl,0.006233657499997,2.5369,5.966892116347531,66.744552771063,Cubic,"Cl, Tl",49.0,2.48,145.0,119.91499999999999,2
mp-573697,CsCl,0.00714125,4.8482,3.242004517941188,86.23238648346586,Cubic,"Cl, Cs",36.0,1.975,180.0,84.17772597999999,2
mp-1066781,BrCl,0.0,1.783,2.419080471638261,158.36993217183098,Orthorhombic,"Br, Cl",26.0,3.06,107.5,57.677,2
mp-1213763,ClF5,0.0,3.086799999999999,2.618869227085088,165.42181096408316,Orthorhombic,"Cl, F",13.0,3.5700000000000003,75.0,27.2242015815,2
